date,ETr,ETo,ea,sph,wind,pair,temp,rs,ETo_hr_props
2016-08-13 05:00:00,0.0128,0.006,1.0822,0.0067,1.5803,101.275,16.93,0.0,0.0
2016-08-13 06:00:00,0.0443,0.0292,1.0875,0.0067,1.3612,101.285,18.23,88.962,0.0036
2016-08-13 07:00:00,0.224,0.1846,1.0928,0.0067,1.1423,101.294,19.53,289.34,0.0276
2016-08-13 08:00:00,0.3909,0.3268,1.0823,0.0067,1.3728,101.316,23.46,469.08,0.0496
2016-08-13 09:00:00,0.5609,0.4694,1.0718,0.0066,1.6145,101.338,27.39,624.136,0.0717
2016-08-13 10:00:00,0.7323,0.6113,1.0614,0.0065,1.8619,101.36,31.32,766.297,0.0936
2016-08-13 11:00:00,0.8577,0.7227,1.0389,0.0064,1.831,101.251,34.1,894.085,0.1108
2016-08-13 12:00:00,0.9632,0.8115,1.0165,0.0063,1.9038,101.143,36.88,971.96,0.1246
2016-08-13 13:00:00,1.0032,0.8353,0.9941,0.0061,2.0479,101.035,39.66,963.687,0.1283
2016-08-13 14:00:00,0.9927,0.8002,0.9777,0.006,2.5187,100.985,40.44,880.297,0.1228
2016-08-13 15:00:00,0.936,0.7193,0.9613,0.0059,3.0269,100.933,41.23,735.927,0.1103
2016-08-13 16:00:00,0.8267,0.5868,0.945,0.0058,3.5757,100.883,42.01,522.176,0.0898
2016-08-13 17:00:00,0.674,0.4411,0.9269,0.0057,3.8836,100.844,38.97,340.488,0.0673
2016-08-14 05:00:00,0.031,0.0187,0.9762,0.006,1.8561,101.045,18.3,0.0,0.0
2016-08-14 06:00:00,0.0602,0.0401,0.9836,0.0061,1.5781,101.096,19.73,87.219,0.0031
2016-08-14 07:00:00,0.25,0.1989,0.991,0.0061,1.322,101.146,21.16,286.64,0.0263
2016-08-14 08:00:00,0.4248,0.3452,0.9912,0.0061,1.6458,101.134,24.84,466.2,0.0477
2016-08-14 09:00:00,0.6015,0.4908,0.9914,0.0061,1.9615,101.121,28.53,621.091,0.069
2016-08-14 10:00:00,0.7794,0.635,0.9916,0.0061,2.2871,101.109,32.21,762.054,0.0901
2016-08-14 11:00:00,0.9387,0.7621,0.9674,0.006,2.6255,101.028,34.79,889.339,0.1087
2016-08-14 12:00:00,1.076,0.8659,0.9433,0.0058,2.9908,100.946,37.36,966.76,0.1238
2016-08-14 13:00:00,1.1481,0.9061,0.9192,0.0057,3.3734,100.864,39.94,957.363,0.1297
2016-08-14 14:00:00,1.1386,0.8726,0.9401,0.0058,3.8749,100.853,40.41,874.063,0.1248
2016-08-14 15:00:00,1.0792,0.7924,0.9609,0.0059,4.3774,100.842,40.87,730.065,0.1131
2016-08-14 16:00:00,0.967,0.6621,0.9817,0.0061,4.8889,100.831,41.34,519.216,0.094
2016-08-14 17:00:00,0.7716,0.4942,0.9439,0.0058,4.8947,100.811,38.25,337.36,0.0695
2016-08-15 05:00:00,0.0386,0.0265,0.9811,0.0061,2.8045,101.123,16.08,0.0,0.0
2016-08-15 06:00:00,0.0667,0.0485,0.993,0.0061,2.6542,101.141,17.36,86.981,0.0034
2016-08-15 07:00:00,0.2807,0.211,1.0051,0.0062,2.5307,101.158,18.64,288.621,0.0288
2016-08-15 08:00:00,0.4478,0.3504,1.0129,0.0062,2.6907,101.208,22.03,470.936,0.0505
2016-08-15 09:00:00,0.6171,0.4904,1.0206,0.0063,2.8663,101.258,25.42,628.222,0.0724
2016-08-15 10:00:00,0.7854,0.6283,1.0284,0.0063,3.0458,101.308,28.81,769.8,0.0939
2016-08-15 11:00:00,0.9234,0.7442,1.0034,0.0062,3.1304,101.23,31.11,898.53,0.112
2016-08-15 12:00:00,1.0367,0.8362,0.9785,0.006,3.2268,101.151,33.42,976.743,0.1263
2016-08-15 13:00:00,1.0826,0.864,0.9536,0.0059,3.3432,101.071,35.72,967.573,0.1307
2016-08-15 14:00:00,1.0452,0.8167,0.9286,0.0057,3.5526,101.004,36.33,882.926,0.1233
2016-08-15 15:00:00,0.9594,0.7232,0.9037,0.0056,3.7707,100.937,36.95,736.798,0.1087
2016-08-15 16:00:00,0.8201,0.5794,0.8788,0.0054,3.9803,100.869,37.57,525.584,0.0863
2016-08-15 17:00:00,0.667,0.435,0.8644,0.0053,4.3574,100.902,34.54,340.248,0.0637
2016-08-16 05:00:00,0.0147,0.008,0.999,0.0062,1.8853,101.087,14.78,0.0,0.0
2016-08-16 06:00:00,0.0389,0.0261,1.0084,0.0062,1.4968,101.107,16.04,84.714,0.0029
2016-08-16 07:00:00,0.2063,0.1712,1.0178,0.0063,1.1309,101.128,17.31,286.275,0.0258
2016-08-16 08:00:00,0.3776,0.3138,1.0288,0.0064,1.5799,101.159,21.11,468.643,0.0483
2016-08-16 09:00:00,0.5601,0.4611,1.0399,0.0064,2.0815,101.191,24.9,625.939,0.0715
2016-08-16 10:00:00,0.7493,0.6101,1.0509,0.0065,2.5916,101.223,28.7,767.078,0.0951
2016-08-16 11:00:00,0.8902,0.7287,1.0168,0.0063,2.6612,101.123,31.4,895.539,0.1138
2016-08-16 12:00:00,1.0034,0.8219,0.9828,0.0061,2.7212,101.023,34.11,973.409,0.1285
2016-08-16 13:00:00,1.0442,0.8469,0.9489,0.0059,2.7911,100.924,36.81,962.577,0.1324
2016-08-16 14:00:00,1.005,0.798,0.9136,0.0057,2.9781,100.872,37.6,877.908,0.1247
2016-08-16 15:00:00,0.9147,0.7007,0.8785,0.0054,3.1694,100.821,38.38,731.904,0.1094
2016-08-16 16:00:00,0.7692,0.5509,0.8432,0.0052,3.3659,100.77,39.17,519.472,0.0857
2016-08-16 17:00:00,0.6086,0.4008,0.8003,0.005,3.5971,100.772,36.07,335.024,0.062
2016-08-17 05:00:00,0.0321,0.0206,0.9219,0.0057,2.2064,100.951,16.17,0.0,0.0
2016-08-17 06:00:00,0.0522,0.0352,0.9384,0.0058,1.6822,100.974,17.67,80.311,0.0024
2016-08-17 07:00:00,0.2287,0.1835,0.955,0.0059,1.2841,100.997,19.17,279.563,0.0272
2016-08-17 08:00:00,0.379,0.3162,0.9803,0.0061,1.3155,100.997,22.89,459.172,0.0494
2016-08-17 09:00:00,0.5307,0.449,1.0056,0.0062,1.386,100.997,26.61,614.065,0.0716
2016-08-17 10:00:00,0.683,0.5808,1.0309,0.0064,1.49,100.998,30.33,756.378,0.0936
2016-08-17 11:00:00,0.8142,0.694,1.0068,0.0062,1.5852,100.904,33.01,883.212,0.1126
2016-08-17 12:00:00,0.9171,0.7804,0.9826,0.0061,1.6808,100.81,35.7,959.973,0.127
2016-08-17 13:00:00,0.9486,0.799,0.9586,0.0059,1.7853,100.716,38.38,950.201,0.1301
2016-08-17 14:00:00,0.9353,0.7624,0.9523,0.0059,2.2488,100.663,39.14,866.144,0.124
2016-08-17 15:00:00,0.8783,0.6815,0.9461,0.0059,2.7714,100.612,39.89,721.391,0.1105
2016-08-17 16:00:00,0.7626,0.5435,0.9398,0.0058,3.3266,100.56,40.65,500.336,0.0874
2016-08-17 17:00:00,0.6192,0.4052,0.9715,0.006,3.7009,100.565,37.6,321.408,0.0643
2016-08-18 05:00:00,0.0261,0.0163,1.1889,0.0074,2.2737,100.891,17.61,0.0,0.0
2016-08-18 06:00:00,0.0519,0.0356,1.2017,0.0074,1.9689,100.924,18.92,77.51,0.0033
2016-08-18 07:00:00,0.2408,0.1907,1.2146,0.0075,1.6974,100.958,20.23,275.393,0.0296
2016-08-18 08:00:00,0.3915,0.3228,1.2156,0.0075,1.692,101.001,23.35,453.866,0.0519
2016-08-18 09:00:00,0.5383,0.4516,1.2165,0.0075,1.695,101.045,26.47,607.747,0.0738
2016-08-18 10:00:00,0.6803,0.5766,1.2176,0.0075,1.6896,101.089,29.59,749.576,0.095
2016-08-18 11:00:00,0.8063,0.6876,1.2037,0.0074,1.695,101.018,32.26,875.459,0.1138
2016-08-18 12:00:00,0.9037,0.7711,1.1898,0.0074,1.7275,100.947,34.93,951.468,0.1279
2016-08-18 13:00:00,0.9312,0.7888,1.176,0.0073,1.7657,100.876,37.6,942.649,0.1309
2016-08-18 14:00:00,0.9021,0.7443,1.1547,0.0072,2.0879,100.796,38.47,858.753,0.1234
2016-08-18 15:00:00,0.8239,0.6525,1.1335,0.007,2.4219,100.718,39.35,714.537,0.1078
2016-08-18 16:00:00,0.6812,0.4997,1.1123,0.0069,2.7536,100.638,40.22,494.336,0.0819
2016-08-18 17:00:00,0.5647,0.3755,1.1165,0.0069,3.3212,100.638,37.38,316.264,0.0609
2016-08-19 05:00:00,0.0337,0.0225,1.2184,0.0075,2.7294,100.958,17.88,0.0,0.0
2016-08-19 06:00:00,0.0627,0.0449,1.2115,0.0075,2.6152,101.021,19.16,75.368,0.0035
2016-08-19 07:00:00,0.2767,0.2086,1.2045,0.0074,2.5032,101.083,20.43,273.349,0.0287
2016-08-19 08:00:00,0.4499,0.3501,1.197,0.0074,2.8873,101.139,23.29,452.024,0.0506
2016-08-19 09:00:00,0.6247,0.4905,1.1894,0.0073,3.271,101.195,26.15,606.078,0.0723
2016-08-19 10:00:00,0.8024,0.6312,1.1818,0.0073,3.6582,101.25,29.0,749.019,0.094
2016-08-19 11:00:00,0.9251,0.7389,1.1674,0.0072,3.4928,101.136,31.26,874.947,0.1107
2016-08-19 12:00:00,1.0161,0.8188,1.1529,0.0071,3.3203,101.023,33.52,950.85,0.123
2016-08-19 13:00:00,1.0392,0.8358,1.1385,0.007,3.1651,100.91,35.77,942.761,0.1256
2016-08-19 14:00:00,1.0395,0.8078,1.1265,0.007,3.7881,100.871,36.47,858.361,0.1213
2016-08-19 15:00:00,0.9958,0.7372,1.1144,0.0069,4.4282,100.832,37.17,713.474,0.1104
2016-08-19 16:00:00,0.8956,0.6132,1.1024,0.0068,5.0629,100.794,37.87,493.968,0.0913
2016-08-19 17:00:00,0.7318,0.4663,1.0952,0.0068,5.3301,100.797,35.26,314.712,0.0686
2016-08-20 05:00:00,0.0175,0.0106,1.2004,0.0074,2.4019,101.155,15.92,0.0,0.0
2016-08-20 06:00:00,0.0428,0.0298,1.1992,0.0074,2.0999,101.232,17.33,73.118,0.003
2016-08-20 07:00:00,0.2286,0.181,1.198,0.0074,1.8524,101.309,18.75,270.982,0.0262
2016-08-20 08:00:00,0.3958,0.319,1.19,0.0073,2.2675,101.304,21.74,449.658,0.0473
2016-08-20 09:00:00,0.5692,0.4583,1.182,0.0073,2.7361,101.298,24.74,603.699,0.0687
2016-08-20 10:00:00,0.7491,0.5996,1.174,0.0072,3.2339,101.293,27.73,745.946,0.0904
2016-08-20 11:00:00,0.8834,0.7139,1.1589,0.0072,3.1871,101.229,30.32,871.525,0.108
2016-08-20 12:00:00,0.9888,0.8017,1.1439,0.0071,3.1506,101.166,32.91,947.052,0.1214
2016-08-20 13:00:00,1.0254,0.8258,1.1289,0.007,3.1133,101.103,35.5,936.701,0.1251
2016-08-20 14:00:00,1.0535,0.8116,1.1258,0.007,4.0734,101.012,36.13,852.323,0.123
2016-08-20 15:00:00,1.0367,0.7556,1.1227,0.0069,5.0273,100.922,36.77,707.703,0.1144
2016-08-20 16:00:00,0.9685,0.6509,1.1196,0.0069,5.9937,100.832,37.4,489.808,0.0983
2016-08-20 17:00:00,0.7841,0.4939,1.1038,0.0068,6.08,100.832,34.81,310.704,0.0742
2016-08-21 05:00:00,0.0179,0.011,1.1881,0.0073,2.4655,101.076,15.71,0.0,0.0
2016-08-21 06:00:00,0.0479,0.0346,1.183,0.0073,2.6639,101.134,16.97,71.648,0.0038
2016-08-21 07:00:00,0.2306,0.1691,1.1777,0.0073,2.8647,101.192,18.24,269.158,0.0253
2016-08-21 08:00:00,0.4187,0.3268,1.1749,0.0073,3.1341,101.209,21.03,448.183,0.0506
2016-08-21 09:00:00,0.5823,0.4598,1.1721,0.0072,3.397,101.224,23.82,602.491,0.0719
2016-08-21 10:00:00,0.7479,0.5927,1.1692,0.0072,3.6752,101.24,26.62,743.507,0.0932
2016-08-21 11:00:00,0.8698,0.7,1.1542,0.0071,3.4422,101.144,28.98,868.804,0.1104
2016-08-21 12:00:00,0.9594,0.7794,1.1392,0.007,3.1993,101.049,31.34,944.001,0.1231
2016-08-21 13:00:00,0.9751,0.7913,1.1243,0.007,2.9695,100.953,33.71,927.941,0.125
2016-08-21 14:00:00,0.9903,0.771,1.1202,0.0069,3.8141,100.932,34.38,843.826,0.1218
2016-08-21 15:00:00,0.9616,0.7095,1.1162,0.0069,4.6493,100.912,35.05,699.885,0.1119
2016-08-21 16:00:00,0.8816,0.5993,1.1122,0.0069,5.4931,100.892,35.72,482.256,0.0943
2016-08-21 17:00:00,0.6903,0.4393,1.0903,0.0067,5.4321,100.909,33.1,304.544,0.0686
2016-08-22 05:00:00,0.015,0.0084,1.188,0.0073,2.0553,101.23,16.33,0.0,0.0
2016-08-22 06:00:00,0.0422,0.0293,1.1945,0.0074,2.1276,101.284,17.34,68.552,0.0033
2016-08-22 07:00:00,0.1984,0.1489,1.2009,0.0074,2.2023,101.339,18.35,254.321,0.0222
2016-08-22 08:00:00,0.3635,0.2957,1.2071,0.0074,2.08,101.281,21.07,425.011,0.0455
2016-08-22 09:00:00,0.4939,0.4115,1.2133,0.0075,1.9521,101.224,23.78,572.088,0.0638
2016-08-22 10:00:00,0.6398,0.5432,1.2196,0.0075,1.8289,101.166,26.5,740.479,0.0847
2016-08-22 11:00:00,0.8026,0.6703,1.196,0.0074,2.3454,101.124,29.3,865.423,0.1048
2016-08-22 12:00:00,0.9467,0.776,1.1724,0.0072,2.8872,101.081,32.09,940.236,0.1215
2016-08-22 13:00:00,1.0353,0.8257,1.1489,0.0071,3.4428,101.039,34.89,929.089,0.1294
2016-08-22 14:00:00,1.0633,0.8128,1.1367,0.007,4.3392,101.006,35.84,844.316,0.1274
2016-08-22 15:00:00,1.0516,0.7607,1.1244,0.007,5.2627,100.973,36.8,699.521,0.1191
2016-08-22 16:00:00,0.989,0.6598,1.1122,0.0069,6.1914,100.941,37.76,481.424,0.1031
2016-08-22 17:00:00,0.7679,0.4824,1.0877,0.0067,5.9289,100.978,34.85,302.608,0.0751
2016-08-23 05:00:00,0.0142,0.0078,1.1785,0.0073,2.0518,101.494,16.09,0.0,0.0
2016-08-23 06:00:00,0.0327,0.0216,1.1812,0.0073,1.5997,101.553,17.15,67.126,0.0022
2016-08-23 07:00:00,0.1663,0.1352,1.1838,0.0073,1.1545,101.611,18.2,264.621,0.02
2016-08-23 08:00:00,0.367,0.3027,1.1772,0.0072,1.7935,101.63,21.37,443.776,0.0462
2016-08-23 09:00:00,0.5479,0.4458,1.1706,0.0072,2.4446,101.649,24.53,598.166,0.0686
2016-08-23 10:00:00,0.7357,0.5905,1.164,0.0072,3.1013,101.668,27.7,737.249,0.0913
2016-08-23 11:00:00,0.8931,0.7146,1.1279,0.0069,3.4232,101.597,30.26,861.77,0.1108
2016-08-23 12:00:00,1.0301,0.8165,1.0919,0.0067,3.7933,101.527,32.82,936.177,0.1267
2016-08-23 13:00:00,1.1123,0.8644,1.0559,0.0065,4.1819,101.456,35.38,928.746,0.1342
2016-08-23 14:00:00,1.0834,0.8226,1.0255,0.0063,4.417,101.424,36.14,843.446,0.1277
2016-08-23 15:00:00,1.0075,0.7361,0.995,0.0061,4.6559,101.391,36.9,697.998,0.1141
2016-08-23 16:00:00,0.8713,0.5928,0.9645,0.0059,4.888,101.359,37.66,477.44,0.0917
2016-08-23 17:00:00,0.6823,0.4325,0.9764,0.006,4.9287,101.337,34.65,298.664,0.0665
2016-08-24 05:00:00,0.0124,0.0064,1.0849,0.0067,1.8777,101.702,15.34,0.0,0.0
2016-08-24 06:00:00,0.0294,0.0191,1.0803,0.0066,1.4515,101.691,16.12,67.279,0.0019
2016-08-24 07:00:00,0.1635,0.1329,1.0757,0.0066,1.1511,101.68,16.9,268.545,0.0189
2016-08-24 08:00:00,0.3649,0.3013,1.0337,0.0063,1.6672,101.681,20.63,452.007,0.044
2016-08-24 09:00:00,0.5601,0.4537,0.9915,0.0061,2.3602,101.681,24.36,610.05,0.0667
2016-08-24 10:00:00,0.7712,0.6128,0.9494,0.0058,3.1257,101.681,28.08,754.228,0.0905
2016-08-24 11:00:00,0.9458,0.7457,0.8705,0.0053,3.6136,101.592,30.63,881.748,0.1103
2016-08-24 12:00:00,1.1001,0.857,0.7916,0.0049,4.1048,101.502,33.18,957.777,0.1269
2016-08-24 13:00:00,1.1929,0.9086,0.7129,0.0044,4.5894,101.411,35.72,947.374,0.1346
2016-08-24 14:00:00,1.1675,0.8673,0.669,0.0041,4.8961,101.345,36.28,859.794,0.1284
2016-08-24 15:00:00,1.0948,0.7811,0.6251,0.0038,5.2033,101.277,36.83,710.689,0.1156
2016-08-24 16:00:00,0.9642,0.6399,0.5813,0.0036,5.5109,101.21,37.39,485.632,0.0945
2016-08-24 17:00:00,0.7405,0.4606,0.6157,0.0038,5.2757,101.197,34.1,302.28,0.0678
2016-08-25 05:00:00,0.0217,0.0132,0.853,0.0053,2.0359,101.288,13.86,0.0,0.0
2016-08-25 06:00:00,0.0343,0.0225,0.865,0.0053,1.5209,101.332,14.94,64.778,0.0015
2016-08-25 07:00:00,0.1576,0.1269,0.8771,0.0054,1.0184,101.375,16.02,265.312,0.0186
2016-08-25 08:00:00,0.3618,0.2963,0.8846,0.0054,1.6705,101.346,19.78,448.227,0.0463
2016-08-25 09:00:00,0.554,0.4465,0.892,0.0055,2.3953,101.318,23.55,605.767,0.0708
2016-08-25 10:00:00,0.7586,0.6016,0.8994,0.0055,3.1538,101.29,27.31,747.969,0.0962
2016-08-25 11:00:00,0.8803,0.709,0.8664,0.0053,2.9822,101.217,29.91,874.568,0.1137
2016-08-25 12:00:00,0.9724,0.7903,0.8334,0.0051,2.8214,101.145,32.5,949.849,0.127
2016-08-25 13:00:00,0.9719,0.7868,0.8005,0.0049,2.6519,101.072,35.09,917.084,0.1264
2016-08-25 14:00:00,0.9874,0.7656,0.7806,0.0048,3.4241,100.984,35.69,831.721,0.123
2016-08-25 15:00:00,0.9582,0.7023,0.7609,0.0047,4.1993,100.896,36.29,686.651,0.1126
2016-08-25 16:00:00,0.8883,0.6004,0.7411,0.0046,4.9763,100.808,36.89,484.768,0.096
2016-08-25 17:00:00,0.6805,0.4288,0.768,0.0048,4.9363,100.801,33.35,300.2,0.0679
2016-08-26 05:00:00,0.004,0.0005,1.0624,0.0066,1.7006,101.233,13.91,0.0,0.0
2016-08-26 06:00:00,0.0206,0.0131,1.0744,0.0066,1.4209,101.275,14.52,62.833,0.0022
2016-08-26 07:00:00,0.1464,0.1211,1.0863,0.0067,1.1528,101.318,15.13,263.216,0.0211
2016-08-26 08:00:00,0.333,0.2786,1.0993,0.0068,1.7456,101.346,18.48,446.338,0.0488
2016-08-26 09:00:00,0.5056,0.417,1.1124,0.0069,2.3675,101.373,21.83,604.005,0.073
2016-08-26 10:00:00,0.6877,0.5591,1.1255,0.0069,2.9947,101.4,25.18,747.235,0.0979
2016-08-26 11:00:00,0.8039,0.6648,1.0871,0.0067,2.6559,101.362,27.71,873.842,0.1165
2016-08-26 12:00:00,0.8867,0.7422,1.0488,0.0065,2.3362,101.324,30.23,948.929,0.13
2016-08-26 13:00:00,0.8923,0.7501,1.0105,0.0062,2.0304,101.285,32.75,936.189,0.1314
2016-08-26 14:00:00,0.8722,0.71,0.9706,0.006,2.4737,101.201,33.55,848.426,0.1244
2016-08-26 15:00:00,0.8081,0.6268,0.9307,0.0057,2.9438,101.116,34.35,699.578,0.1098
2016-08-26 16:00:00,0.6883,0.4894,0.8909,0.0055,3.4393,101.032,35.16,474.08,0.0857
2016-08-26 17:00:00,0.5159,0.3373,0.9284,0.0057,3.5588,101.04,32.19,292.024,0.0591
2016-08-27 05:00:00,0.0059,0.0023,1.1904,0.0073,2.2922,101.315,14.06,0.0,0.0
2016-08-27 06:00:00,0.0212,0.014,1.1934,0.0074,1.751,101.352,15.01,60.459,0.0019
2016-08-27 07:00:00,0.1483,0.1229,1.1964,0.0074,1.2281,101.388,15.96,261.11,0.02
2016-08-27 08:00:00,0.3403,0.2845,1.1945,0.0074,1.7807,101.443,19.54,444.449,0.0469
2016-08-27 09:00:00,0.5203,0.4282,1.1927,0.0073,2.3816,101.499,23.11,602.256,0.0708
2016-08-27 10:00:00,0.7107,0.5762,1.1908,0.0073,2.9869,101.555,26.69,745.357,0.0954
2016-08-27 11:00:00,0.8504,0.692,1.155,0.0071,3.083,101.495,29.08,871.742,0.1146
2016-08-27 12:00:00,0.9627,0.7824,1.1193,0.0069,3.1674,101.436,31.46,946.532,0.1296
2016-08-27 13:00:00,1.0064,0.8079,1.0835,0.0067,3.2638,101.376,33.85,931.483,0.1339
2016-08-27 14:00:00,0.9746,0.763,1.0413,0.0064,3.5328,101.307,34.56,843.553,0.1264
2016-08-27 15:00:00,0.8971,0.6739,0.9992,0.0062,3.8189,101.237,35.28,694.679,0.1116
2016-08-27 16:00:00,0.761,0.5287,0.9571,0.0059,4.1203,101.167,35.99,469.296,0.0875
2016-08-27 17:00:00,0.5799,0.3721,0.9829,0.0061,4.2513,101.184,32.75,287.496,0.0614
2016-08-28 05:00:00,0.0061,0.0024,1.1592,0.0071,2.2299,101.56,13.87,0.0,0.0
2016-08-28 06:00:00,0.0207,0.0136,1.1623,0.0071,1.7367,101.599,14.75,58.325,0.0019
2016-08-28 07:00:00,0.1458,0.1203,1.1653,0.0072,1.2495,101.637,15.62,258.202,0.0204
2016-08-28 08:00:00,0.3291,0.2777,1.1545,0.0071,1.5554,101.686,19.23,441.191,0.0477
2016-08-28 09:00:00,0.4944,0.4147,1.1437,0.007,1.88,101.735,22.84,598.661,0.0714
2016-08-28 10:00:00,0.6649,0.5531,1.1329,0.007,2.2244,101.784,26.46,740.819,0.0953
2016-08-28 11:00:00,0.7925,0.6636,1.1001,0.0068,2.2038,101.73,29.07,866.553,0.1145
2016-08-28 12:00:00,0.8913,0.7478,1.0674,0.0066,2.1828,101.676,31.68,940.758,0.129
2016-08-28 13:00:00,0.9173,0.7643,1.0347,0.0064,2.1623,101.622,34.29,927.258,0.1319
2016-08-28 14:00:00,0.9035,0.7273,0.9951,0.0061,2.6537,101.525,35.17,839.102,0.1255
2016-08-28 15:00:00,0.8431,0.6455,0.9556,0.0059,3.1452,101.428,36.05,690.114,0.1113
2016-08-28 16:00:00,0.7295,0.5125,0.9161,0.0056,3.6473,101.33,36.92,470.88,0.0883
2016-08-28 17:00:00,0.5693,0.3654,0.9206,0.0057,3.9568,101.337,33.61,286.84,0.0628
2016-08-29 05:00:00,0.0065,0.0023,1.0536,0.0065,1.7891,101.62,14.02,0.0,0.0
2016-08-29 06:00:00,0.0091,0.0046,1.0549,0.0065,0.8631,101.637,14.92,57.843,0.0004
2016-08-29 07:00:00,0.1109,0.1016,1.0563,0.0065,0.1389,101.654,15.82,254.833,0.0158
2016-08-29 08:00:00,0.3188,0.2729,1.0445,0.0064,1.1206,101.679,19.61,437.13,0.043
2016-08-29 09:00:00,0.5309,0.4317,1.0327,0.0063,2.3489,101.704,23.4,593.976,0.0682
2016-08-29 10:00:00,0.7599,0.5966,1.0209,0.0063,3.5689,101.729,27.2,730.345,0.0943
2016-08-29 11:00:00,0.9192,0.7206,0.9781,0.006,3.9033,101.666,29.73,854.416,0.114
2016-08-29 12:00:00,1.0556,0.8219,0.9355,0.0057,4.2314,101.603,32.26,927.43,0.1301
2016-08-29 13:00:00,1.1034,0.8386,0.8928,0.0055,4.5569,101.54,34.79,878.121,0.1328
2016-08-29 14:00:00,1.0757,0.7978,0.8687,0.0053,4.8247,101.435,35.36,794.015,0.1263
2016-08-29 15:00:00,1.0053,0.7161,0.8446,0.0052,5.1055,101.33,35.93,652.176,0.1133
2016-08-29 16:00:00,0.9005,0.6016,0.8205,0.0051,5.3874,101.225,36.5,464.952,0.0952
2016-08-29 17:00:00,0.6768,0.4223,0.8383,0.0052,5.1738,101.243,33.07,281.576,0.0667
2016-08-30 05:00:00,0.0128,0.0069,1.1045,0.0068,2.0708,101.383,14.93,0.0,0.0
2016-08-30 06:00:00,0.0243,0.0155,1.1085,0.0068,1.4852,101.419,15.91,56.822,0.0015
2016-08-30 07:00:00,0.1276,0.103,1.1126,0.0068,0.9643,101.454,16.89,226.545,0.0167
2016-08-30 08:00:00,0.321,0.2649,1.0995,0.0068,1.5485,101.472,20.53,390.144,0.0449
2016-08-30 09:00:00,0.4989,0.4029,1.0864,0.0067,2.2605,101.49,24.16,530.846,0.069
2016-08-30 10:00:00,0.7097,0.5646,1.0734,0.0066,3.007,101.508,27.8,690.808,0.0971
2016-08-30 11:00:00,0.849,0.6762,1.0272,0.0063,3.2324,101.383,30.09,808.278,0.1166
2016-08-30 12:00:00,0.9579,0.7581,0.9811,0.006,3.4622,101.259,32.38,877.203,0.1308
2016-08-30 13:00:00,0.981,0.7585,0.9351,0.0058,3.6954,101.134,34.67,823.613,0.1309
2016-08-30 14:00:00,0.9543,0.7185,0.9328,0.0058,4.036,101.109,34.96,744.14,0.1239
2016-08-30 15:00:00,0.887,0.6399,0.9305,0.0057,4.3871,101.085,35.25,610.384,0.1103
2016-08-30 16:00:00,0.7987,0.542,0.9282,0.0057,4.7277,101.061,35.53,449.36,0.0932
2016-08-30 17:00:00,0.6034,0.3801,0.9826,0.0061,4.6931,100.995,32.57,270.488,0.065
2016-08-31 05:00:00,0.0186,0.0116,1.236,0.0076,2.5696,101.077,16.1,0.0,0.0
2016-08-31 06:00:00,0.032,0.0218,1.2371,0.0076,2.1621,101.124,16.82,51.547,0.0017
2016-08-31 07:00:00,0.1689,0.1319,1.2382,0.0076,1.7662,101.17,17.53,250.047,0.0198
2016-08-31 08:00:00,0.3639,0.2952,1.2341,0.0076,2.2558,101.215,20.72,432.335,0.0466
2016-08-31 09:00:00,0.5397,0.436,1.2299,0.0076,2.7515,101.261,23.92,589.062,0.0697
2016-08-31 10:00:00,0.7211,0.5781,1.2258,0.0076,3.2556,101.305,27.11,731.048,0.0931
2016-08-31 11:00:00,0.8664,0.6945,1.183,0.0073,3.5044,101.199,29.28,855.447,0.1122
2016-08-31 12:00:00,0.9867,0.7868,1.1403,0.007,3.7435,101.093,31.44,928.245,0.1274
2016-08-31 13:00:00,1.0423,0.8168,1.0978,0.0068,3.994,100.987,33.61,910.782,0.1323
2016-08-31 14:00:00,1.0225,0.7773,1.073,0.0066,4.5161,101.009,33.87,822.245,0.1258
2016-08-31 15:00:00,0.9593,0.6966,1.0483,0.0065,5.0383,101.031,34.13,673.52,0.1125
2016-08-31 16:00:00,0.8543,0.5766,1.0236,0.0063,5.5605,101.052,34.39,465.208,0.0928
2016-08-31 17:00:00,0.6549,0.4143,1.0302,0.0064,5.452,101.003,31.48,290.352,0.0662
2016-09-01 05:00:00,-0.0023,-0.0037,1.2151,0.0075,2.0044,101.266,13.44,0.0,0.0
2016-09-01 06:00:00,0.0073,0.0039,1.232,0.0076,1.4187,101.284,14.26,47.541,0.0013
2016-09-01 07:00:00,0.1207,0.1025,1.2489,0.0077,1.0245,101.301,15.08,239.454,0.0186
2016-09-01 08:00:00,0.2944,0.2505,1.261,0.0078,1.5803,101.306,18.38,407.433,0.0445
2016-09-01 09:00:00,0.4848,0.4065,1.2731,0.0079,2.2488,101.311,21.69,605.825,0.0719
2016-09-01 10:00:00,0.6595,0.5416,1.2851,0.0079,2.9395,101.316,24.99,737.209,0.0955
2016-09-01 11:00:00,0.7896,0.6458,1.2481,0.0077,3.1495,101.296,27.23,844.297,0.1138
2016-09-01 12:00:00,0.9002,0.7297,1.211,0.0075,3.3929,101.276,29.47,907.983,0.1285
2016-09-01 13:00:00,0.9732,0.7765,1.174,0.0072,3.6631,101.256,31.71,913.129,0.1367
2016-09-01 14:00:00,0.9371,0.7306,1.1362,0.007,3.8901,101.203,32.23,825.985,0.1286
2016-09-01 15:00:00,0.8343,0.6215,1.0984,0.0068,4.1149,101.15,32.76,650.053,0.1095
2016-09-01 16:00:00,0.7304,0.5104,1.0607,0.0066,4.3566,101.097,33.29,469.992,0.0901
2016-09-01 17:00:00,0.5295,0.3448,1.0216,0.0063,4.1801,101.04,30.02,291.44,0.0611
2016-09-02 05:00:00,-0.0002,-0.0023,1.1048,0.0068,1.8356,101.224,12.99,0.0,0.0
2016-09-02 06:00:00,0.0115,0.0067,1.1285,0.007,1.5233,101.202,13.93,45.142,0.0016
2016-09-02 07:00:00,0.1242,0.1016,1.1522,0.0071,1.2404,101.18,14.87,232.478,0.0181
2016-09-02 08:00:00,0.2944,0.2483,1.1764,0.0073,1.54,101.171,18.46,397.212,0.0438
2016-09-02 09:00:00,0.4725,0.3991,1.2006,0.0074,1.8561,101.163,22.04,591.458,0.0701
2016-09-02 10:00:00,0.6166,0.5147,1.2249,0.0076,2.1807,101.154,25.63,698.299,0.0903
2016-09-02 11:00:00,0.7527,0.62,1.1988,0.0074,2.6301,101.071,28.0,799.831,0.1086
2016-09-02 12:00:00,0.8653,0.7008,1.1727,0.0073,3.0742,100.988,30.37,859.993,0.1228
2016-09-02 13:00:00,0.9564,0.7587,1.1467,0.0071,3.5309,100.905,32.74,873.191,0.1329
2016-09-02 14:00:00,0.9587,0.7324,1.128,0.007,4.2526,100.871,33.25,789.179,0.1283
2016-09-02 15:00:00,0.9,0.6484,1.1093,0.0069,4.9749,100.836,33.76,620.192,0.1136
2016-09-02 16:00:00,0.8459,0.5685,1.0905,0.0068,5.6974,100.802,34.27,451.688,0.0997
2016-09-02 17:00:00,0.6356,0.4009,1.0859,0.0067,5.4089,100.775,31.45,278.216,0.0704
2016-09-03 05:00:00,0.0081,0.0037,1.141,0.0071,2.1537,100.927,14.21,0.0,0.0
2016-09-03 06:00:00,0.0203,0.013,1.1358,0.007,1.7308,100.902,15.05,48.055,0.0016
2016-09-03 07:00:00,0.1328,0.1055,1.1306,0.007,1.3167,100.876,15.89,227.924,0.0176
2016-09-03 08:00:00,0.3123,0.2561,1.1191,0.0069,1.8822,100.881,18.88,391.072,0.0437
2016-09-03 09:00:00,0.4971,0.4066,1.1075,0.0069,2.4643,100.886,21.86,583.141,0.0698
2016-09-03 10:00:00,0.6772,0.5481,1.096,0.0068,3.0537,100.891,24.85,735.084,0.0943
2016-09-03 11:00:00,0.8048,0.6502,1.0447,0.0065,3.234,100.82,27.03,842.038,0.112
2016-09-03 12:00:00,0.912,0.732,0.9935,0.0062,3.4328,100.748,29.21,905.202,0.1261
2016-09-03 13:00:00,0.9789,0.7753,0.9423,0.0058,3.6335,100.677,31.39,910.003,0.1336
2016-09-03 14:00:00,0.969,0.741,0.9042,0.0056,4.2681,100.627,31.68,821.741,0.1277
2016-09-03 15:00:00,0.8974,0.6482,0.8661,0.0054,4.9098,100.576,31.97,644.832,0.1116
2016-09-03 16:00:00,0.8206,0.5504,0.828,0.0051,5.5517,100.526,32.26,454.664,0.0947
2016-09-03 17:00:00,0.6265,0.3925,0.8577,0.0053,5.5325,100.522,29.2,278.12,0.0673
2016-09-04 05:00:00,-0.011,-0.0098,1.0732,0.0066,1.5532,100.967,10.88,0.0,0.0
2016-09-04 06:00:00,-0.0014,-0.0022,1.0833,0.0067,1.1604,101.015,11.69,41.95,0.0015
2016-09-04 07:00:00,0.1022,0.0889,1.0935,0.0068,0.7864,101.064,12.49,234.108,0.0191
2016-09-04 08:00:00,0.2571,0.2242,1.1141,0.0069,1.2559,101.066,15.35,403.371,0.0452
2016-09-04 09:00:00,0.4217,0.3634,1.1347,0.007,1.7945,101.068,18.21,602.353,0.0721
2016-09-04 10:00:00,0.5674,0.4804,1.1554,0.0071,2.3544,101.07,21.07,733.424,0.0948
2016-09-04 11:00:00,0.6815,0.5748,1.1202,0.0069,2.4824,101.009,23.15,840.232,0.113
2016-09-04 12:00:00,0.7752,0.6492,1.0849,0.0067,2.6203,100.948,25.23,903.085,0.1274
2016-09-04 13:00:00,0.8286,0.6854,1.0498,0.0065,2.7573,100.887,27.3,906.616,0.1344
2016-09-04 14:00:00,0.8171,0.6513,1.005,0.0062,3.3852,100.829,27.91,817.974,0.1278
2016-09-04 15:00:00,0.7468,0.5609,0.9603,0.0059,4.0142,100.771,28.51,640.896,0.1103
2016-09-04 16:00:00,0.6682,0.4618,0.9156,0.0057,4.6439,100.712,29.12,444.008,0.0912
2016-09-04 17:00:00,0.4934,0.3165,0.9539,0.0059,4.6174,100.704,26.64,269.656,0.0631
2016-09-05 05:00:00,0.0001,-0.0018,1.0573,0.0065,2.2475,100.943,11.42,0.0,0.0
2016-09-05 06:00:00,0.0071,0.0037,1.067,0.0066,1.6141,100.946,12.34,39.454,0.001
2016-09-05 07:00:00,0.1095,0.0921,1.0766,0.0067,0.9954,100.948,13.26,230.698,0.0167
2016-09-05 08:00:00,0.2811,0.2387,1.0653,0.0066,1.4007,100.974,17.09,399.212,0.0428
2016-09-05 09:00:00,0.4664,0.3929,1.0541,0.0065,1.8327,100.999,20.92,596.996,0.0702
2016-09-05 10:00:00,0.6368,0.5282,1.0428,0.0064,2.2903,101.025,24.75,730.044,0.0942
2016-09-05 11:00:00,0.7717,0.633,0.989,0.0061,2.6926,100.926,26.95,836.459,0.1129
2016-09-05 12:00:00,0.8964,0.7221,0.9353,0.0058,3.2212,100.826,29.15,898.837,0.1287
2016-09-05 13:00:00,0.9903,0.7776,0.8816,0.0055,3.8096,100.727,31.35,902.982,0.1386
2016-09-05 14:00:00,0.9579,0.7325,0.8311,0.0051,4.1081,100.715,31.72,813.97,0.1306
2016-09-05 15:00:00,0.8608,0.6262,0.7804,0.0048,4.4024,100.703,32.09,636.784,0.1117
2016-09-05 16:00:00,0.755,0.511,0.7298,0.0045,4.7092,100.692,32.46,444.048,0.0912
2016-09-05 17:00:00,0.5479,0.3448,0.7366,0.0046,4.3812,100.688,29.5,267.688,0.0616
2016-09-06 05:00:00,0.0081,0.0031,0.8344,0.0052,1.5095,101.019,13.03,0.0,0.0
2016-09-06 06:00:00,0.0144,0.0079,0.8449,0.0052,1.2238,101.047,13.66,37.339,0.0009
2016-09-06 07:00:00,0.1279,0.1002,0.8555,0.0053,1.1039,101.076,14.28,228.214,0.0178
2016-09-06 08:00:00,0.2929,0.247,0.8458,0.0052,1.0885,101.101,18.62,396.681,0.0448
2016-09-06 09:00:00,0.4766,0.403,0.836,0.0052,1.368,101.127,22.95,594.065,0.0735
2016-09-06 10:00:00,0.6516,0.5422,0.8263,0.0051,1.8204,101.152,27.28,725.803,0.099
2016-09-06 11:00:00,0.7613,0.6361,0.7783,0.0048,1.8622,101.103,29.76,831.678,0.1163
2016-09-06 12:00:00,0.8461,0.7064,0.7305,0.0045,1.9159,101.055,32.24,893.529,0.1292
2016-09-06 13:00:00,0.8817,0.7311,0.6826,0.0042,1.9602,101.006,34.72,895.451,0.1337
2016-09-06 14:00:00,0.8704,0.6937,0.6578,0.0041,2.518,100.909,35.07,806.457,0.1268
2016-09-06 15:00:00,0.7899,0.5912,0.633,0.0039,3.0772,100.812,35.41,629.904,0.108
2016-09-06 16:00:00,0.7032,0.483,0.6083,0.0038,3.6361,100.716,35.76,441.352,0.0881
2016-09-06 17:00:00,0.5438,0.3398,0.6067,0.0038,3.8001,100.712,32.61,264.032,0.0618
2016-09-07 05:00:00,0.028,0.0169,0.7754,0.0048,1.8001,101.129,15.66,0.0,0.0
2016-09-07 06:00:00,0.0329,0.0205,0.7891,0.0049,1.5174,101.157,16.27,35.191,0.0007
2016-09-07 07:00:00,0.1559,0.1153,0.8028,0.0049,1.324,101.186,16.89,225.729,0.0182
2016-09-07 08:00:00,0.3523,0.281,0.8128,0.005,1.6641,101.183,21.38,394.096,0.0487
2016-09-07 09:00:00,0.5569,0.4489,0.8229,0.0051,2.0612,101.18,25.86,591.073,0.0796
2016-09-07 10:00:00,0.7391,0.5916,0.8329,0.0051,2.4763,101.178,30.35,716.586,0.1059
2016-09-07 11:00:00,0.86,0.691,0.8458,0.0052,2.6602,101.164,32.59,821.207,0.1243
2016-09-07 12:00:00,0.9591,0.7678,0.8586,0.0053,2.8738,101.15,34.84,882.09,0.1384
2016-09-07 13:00:00,1.0165,0.8044,0.8715,0.0054,3.0966,101.136,37.09,884.766,0.1452
2016-09-07 14:00:00,0.898,0.7128,0.8687,0.0054,2.6241,101.087,37.44,796.086,0.1283
2016-09-07 15:00:00,0.7057,0.5507,0.8659,0.0053,2.2,101.038,37.8,620.816,0.0984
2016-09-07 16:00:00,0.4987,0.3726,0.8633,0.0053,1.8417,100.989,38.16,427.32,0.0656
2016-09-07 17:00:00,0.4184,0.271,0.8778,0.0054,2.579,101.008,35.25,253.608,0.0468
2016-09-08 05:00:00,0.0477,0.0339,1.0167,0.0063,3.2222,101.543,16.92,0.0,0.0
2016-09-08 06:00:00,0.059,0.0429,1.0379,0.0064,3.2026,101.604,17.63,32.733,0.0016
2016-09-08 07:00:00,0.2294,0.1559,1.0593,0.0065,3.1931,101.666,18.34,220.854,0.0213
2016-09-08 08:00:00,0.4148,0.3112,1.1021,0.0068,3.3693,101.712,21.66,387.348,0.0485
2016-09-08 09:00:00,0.6013,0.4657,1.1451,0.007,3.5675,101.759,24.97,581.814,0.0755
2016-09-08 10:00:00,0.7651,0.5972,1.188,0.0073,3.7757,101.805,28.29,711.706,0.0985
2016-09-08 11:00:00,0.8716,0.6898,1.1751,0.0072,3.5888,101.702,30.52,815.684,0.1147
2016-09-08 12:00:00,0.9496,0.7566,1.1623,0.0071,3.4223,101.599,32.75,875.974,0.1264
2016-09-08 13:00:00,0.9781,0.7782,1.1495,0.0071,3.265,101.496,34.97,874.594,0.1301
2016-09-08 14:00:00,0.9695,0.7438,1.1457,0.0071,3.9151,101.459,35.29,786.217,0.1241
2016-09-08 15:00:00,0.8965,0.6485,1.1419,0.007,4.5753,101.421,35.61,612.112,0.1075
2016-09-08 16:00:00,0.8133,0.5441,1.1382,0.007,5.2255,101.384,35.93,421.432,0.0892
2016-09-08 17:00:00,0.6339,0.3924,1.1334,0.007,5.3665,101.358,32.86,248.064,0.0627
2016-09-09 05:00:00,0.0027,-0.0004,1.2028,0.0074,1.7463,101.489,15.09,0.0,0.0
2016-09-09 06:00:00,0.0099,0.0051,1.2026,0.0074,1.4968,101.497,15.51,30.754,0.001
2016-09-09 07:00:00,0.1221,0.0982,1.2024,0.0074,1.2495,101.506,15.93,219.656,0.0171
2016-09-09 08:00:00,0.3128,0.2567,1.1865,0.0073,1.8222,101.515,19.78,387.047,0.0446
2016-09-09 09:00:00,0.5179,0.4218,1.1708,0.0072,2.4315,101.525,23.63,582.245,0.0732
2016-09-09 10:00:00,0.7111,0.569,1.155,0.0071,3.0686,101.534,27.48,714.485,0.0987
2016-09-09 11:00:00,0.8273,0.6674,1.1148,0.0069,2.9736,101.436,30.09,818.936,0.1158
2016-09-09 12:00:00,0.9146,0.7401,1.0748,0.0066,2.8862,101.339,32.71,879.269,0.1284
2016-09-09 13:00:00,0.9517,0.767,1.0347,0.0064,2.8015,101.241,35.32,879.884,0.133
2016-09-09 14:00:00,0.9378,0.7299,1.0046,0.0062,3.2898,101.189,36.11,790.217,0.1266
2016-09-09 15:00:00,0.8579,0.6293,0.9744,0.006,3.7929,101.137,36.9,614.208,0.1092
2016-09-09 16:00:00,0.7651,0.5163,0.9443,0.0058,4.2879,101.085,37.69,419.744,0.0896
2016-09-09 17:00:00,0.5859,0.3626,0.9479,0.0059,4.4011,101.137,34.17,244.976,0.0629
2016-09-10 05:00:00,0.0199,0.0127,1.0507,0.0065,2.5371,101.373,14.38,0.0,0.0
2016-09-10 06:00:00,0.0249,0.0162,1.056,0.0065,2.064,101.442,15.2,28.581,0.0006
2016-09-10 07:00:00,0.1405,0.106,1.0613,0.0065,1.6164,101.511,16.01,216.083,0.0152
2016-09-10 08:00:00,0.3419,0.2697,1.0502,0.0065,2.3162,101.514,19.82,382.57,0.0419
2016-09-10 09:00:00,0.5621,0.4406,1.039,0.0064,3.1652,101.517,23.63,576.37,0.0698
2016-09-10 10:00:00,0.776,0.5971,1.0279,0.0063,4.0596,101.52,27.43,707.729,0.0954
2016-09-10 11:00:00,0.9126,0.7044,0.9991,0.0061,4.2089,101.459,29.97,811.291,0.1129
2016-09-10 12:00:00,1.026,0.7894,0.9703,0.006,4.3676,101.397,32.51,870.85,0.1268
2016-09-10 13:00:00,1.0975,0.8341,0.9416,0.0058,4.5427,101.336,35.04,869.762,0.1341
2016-09-10 14:00:00,1.0822,0.7978,0.9269,0.0057,5.0293,101.284,35.54,780.368,0.1281
2016-09-10 15:00:00,1.0042,0.7016,0.9122,0.0056,5.5264,101.232,36.04,605.52,0.1124
2016-09-10 16:00:00,0.9119,0.5919,0.8975,0.0055,6.0241,101.179,36.53,409.0,0.0945
2016-09-10 17:00:00,0.713,0.4306,0.9015,0.0056,5.9535,101.198,33.45,236.616,0.0682
2016-09-11 05:00:00,0.0125,0.0067,1.0533,0.0065,2.0483,101.574,14.35,0.0,0.0
2016-09-11 06:00:00,0.0193,0.0118,1.058,0.0065,1.844,101.619,14.95,26.444,0.0009
2016-09-11 07:00:00,0.1352,0.1022,1.0628,0.0065,1.6492,101.665,15.54,212.978,0.0167
2016-09-11 08:00:00,0.3139,0.253,1.0612,0.0065,2.0052,101.707,18.94,378.882,0.0431
2016-09-11 09:00:00,0.4958,0.4037,1.0596,0.0065,2.3659,101.75,22.33,571.712,0.0695
2016-09-11 10:00:00,0.6592,0.5339,1.058,0.0065,2.7294,101.792,25.73,703.141,0.0923
2016-09-11 11:00:00,0.8002,0.6421,1.0324,0.0063,3.1477,101.69,28.22,806.091,0.1113
2016-09-11 12:00:00,0.9231,0.7303,1.0067,0.0062,3.5896,101.587,30.71,865.086,0.1267
2016-09-11 13:00:00,1.0098,0.782,0.9811,0.006,4.0435,101.485,33.2,863.787,0.1357
2016-09-11 14:00:00,0.9979,0.7473,0.9715,0.006,4.6141,101.378,33.67,774.23,0.1297
2016-09-11 15:00:00,0.9239,0.654,0.9619,0.0059,5.1855,101.271,34.13,599.712,0.1133
2016-09-11 16:00:00,0.8369,0.5482,0.9523,0.0059,5.7561,101.164,34.6,403.32,0.0948
2016-09-11 17:00:00,0.6295,0.3834,0.9843,0.0061,5.6372,101.137,31.32,231.208,0.066
2016-09-12 05:00:00,-0.0061,-0.0064,1.1346,0.007,1.8215,101.117,12.1,0.0,0.0
2016-09-12 06:00:00,-0.0018,-0.0029,1.1351,0.007,1.4618,101.11,12.51,25.217,0.0007
2016-09-12 07:00:00,0.1007,0.0833,1.1355,0.007,1.3411,101.104,12.91,215.029,0.0166
2016-09-12 08:00:00,0.2622,0.2226,1.125,0.0069,1.588,101.169,16.18,384.413,0.0425
2016-09-12 09:00:00,0.433,0.3664,1.1145,0.0069,1.9418,101.235,19.44,580.949,0.0692
2016-09-12 10:00:00,0.5884,0.4911,1.104,0.0068,2.3632,101.302,22.71,713.325,0.0923
2016-09-12 11:00:00,0.7255,0.5942,1.0474,0.0065,2.9568,101.175,24.78,817.855,0.1114
2016-09-12 12:00:00,0.848,0.6805,0.9908,0.0061,3.5545,101.047,26.86,877.484,0.1274
2016-09-12 13:00:00,0.937,0.7323,0.9344,0.0058,4.1526,100.92,28.93,878.176,0.137
2016-09-12 14:00:00,0.922,0.6939,0.8997,0.0056,4.9479,100.874,28.79,786.345,0.1299
2016-09-12 15:00:00,0.8518,0.6038,0.8651,0.0054,5.7607,100.827,28.65,608.032,0.1132
2016-09-12 16:00:00,0.7739,0.5071,0.8305,0.0051,6.5822,100.781,28.5,409.648,0.0952
2016-09-12 17:00:00,0.5591,0.3421,0.854,0.0053,6.1766,100.798,25.57,232.616,0.0646
2016-09-13 05:00:00,-0.0171,-0.0138,1.0143,0.0063,1.0871,101.098,10.2,0.0,0.0
2016-09-13 06:00:00,-0.0134,-0.0106,1.0221,0.0063,0.8382,101.129,10.6,22.944,0.0007
2016-09-13 07:00:00,0.081,0.0709,1.0298,0.0064,0.6845,101.159,10.99,210.877,0.0193
2016-09-13 08:00:00,0.2203,0.1987,1.055,0.0065,0.6042,101.198,14.1,378.87,0.0484
2016-09-13 09:00:00,0.3607,0.3277,1.0802,0.0067,0.5673,101.237,17.2,573.483,0.0778
2016-09-13 10:00:00,0.4769,0.4335,1.1054,0.0068,0.5714,101.276,20.3,704.997,0.1019
2016-09-13 11:00:00,0.5839,0.5211,1.0529,0.0065,0.9513,101.282,22.31,808.39,0.1219
2016-09-13 12:00:00,0.6802,0.5918,1.0003,0.0062,1.478,101.289,24.32,867.113,0.138
2016-09-13 13:00:00,0.7424,0.6263,0.9478,0.0058,2.0408,101.296,26.33,863.239,0.1459
2016-09-13 14:00:00,0.6622,0.5578,0.9114,0.0056,1.7682,101.253,26.63,772.179,0.1303
2016-09-13 15:00:00,0.5281,0.4325,0.8749,0.0054,1.6954,101.209,26.93,596.016,0.1017
2016-09-13 16:00:00,0.3911,0.2971,0.8386,0.0052,1.8361,101.166,27.22,395.584,0.0708
2016-09-13 17:00:00,0.264,0.1758,0.8385,0.0052,2.0951,101.194,24.9,222.44,0.0432
2016-09-14 05:00:00,-0.0044,-0.0052,1.017,0.0062,1.5698,101.715,11.77,0.0,0.0
2016-09-14 06:00:00,-0.0027,-0.0037,1.0301,0.0063,1.2384,101.782,12.28,20.672,0.0003
2016-09-14 07:00:00,0.0958,0.0784,1.0432,0.0064,1.0808,101.849,12.8,206.988,0.0178
2016-09-14 08:00:00,0.252,0.2163,1.0617,0.0065,1.1928,101.867,16.36,373.787,0.0472
2016-09-14 09:00:00,0.4214,0.3597,1.0802,0.0066,1.5838,101.884,19.92,566.717,0.0777
2016-09-14 10:00:00,0.5822,0.4881,1.0986,0.0067,2.1106,101.902,23.48,699.768,0.1051
2016-09-14 11:00:00,0.6662,0.5676,1.0638,0.0065,1.8147,101.841,25.42,802.45,0.122
2016-09-14 12:00:00,0.7199,0.6209,1.0291,0.0063,1.5259,101.779,27.37,860.558,0.1334
2016-09-14 13:00:00,0.7225,0.6284,0.9945,0.0061,1.2491,101.718,29.31,858.377,0.135
2016-09-14 14:00:00,0.696,0.5827,0.964,0.0059,1.7682,101.672,29.69,767.053,0.1252
2016-09-14 15:00:00,0.6164,0.4827,0.9335,0.0057,2.4067,101.627,30.06,590.976,0.1039
2016-09-14 16:00:00,0.5276,0.3725,0.9031,0.0055,3.0808,101.581,30.44,391.456,0.0804
2016-09-14 17:00:00,0.3783,0.2387,0.9143,0.0056,3.2637,101.546,27.67,217.896,0.052
2016-09-15 05:00:00,-0.0025,-0.0041,1.0478,0.0064,1.4819,101.704,13.12,0.0,0.0
2016-09-15 06:00:00,0.001,-0.0013,1.0574,0.0065,1.3399,101.736,13.33,18.944,0.0006
2016-09-15 07:00:00,0.1017,0.0817,1.067,0.0065,1.2037,101.767,13.54,205.787,0.0171
2016-09-15 08:00:00,0.2659,0.2254,1.0602,0.0065,1.2638,101.739,17.55,373.57,0.0458
2016-09-15 09:00:00,0.4373,0.3727,1.0535,0.0065,1.44,101.711,21.55,567.297,0.0751
2016-09-15 10:00:00,0.593,0.5012,1.0468,0.0064,1.6986,101.683,25.55,700.085,0.1008
2016-09-15 11:00:00,0.702,0.5917,0.9944,0.0061,1.869,101.596,27.47,802.908,0.1188
2016-09-15 12:00:00,0.7867,0.6587,0.9421,0.0058,2.0318,101.51,29.39,860.83,0.1322
2016-09-15 13:00:00,0.8273,0.6834,0.8898,0.0055,2.2044,101.423,31.31,858.026,0.1371
2016-09-15 14:00:00,0.7997,0.6378,0.8561,0.0053,2.6596,101.367,31.67,765.923,0.128
2016-09-15 15:00:00,0.7084,0.532,0.8223,0.0051,3.1151,101.31,32.02,589.008,0.1069
2016-09-15 16:00:00,0.6027,0.4124,0.7887,0.0049,3.5708,101.254,32.38,388.616,0.083
2016-09-15 17:00:00,0.4386,0.27,0.8103,0.005,3.6792,101.245,29.24,214.04,0.0546
2016-09-16 05:00:00,0.004,0.0003,0.9163,0.0056,1.5305,101.334,12.84,0.0,0.0
2016-09-16 06:00:00,0.0065,0.0024,0.9217,0.0057,1.4072,101.376,12.88,17.248,0.0004
2016-09-16 07:00:00,0.1081,0.0839,0.9271,0.0057,1.3021,101.419,12.92,205.783,0.0166
2016-09-16 08:00:00,0.2693,0.2262,0.9212,0.0057,1.2442,101.44,17.17,375.563,0.045
2016-09-16 09:00:00,0.4492,0.378,0.9155,0.0056,1.5473,101.46,21.42,571.28,0.0752
2016-09-16 10:00:00,0.6268,0.5176,0.9096,0.0056,2.0706,101.481,25.67,705.109,0.103
2016-09-16 11:00:00,0.7276,0.6071,0.8745,0.0054,1.967,101.409,28.25,808.719,0.1208
2016-09-16 12:00:00,0.8012,0.6719,0.8393,0.0052,1.8746,101.337,30.83,866.847,0.1337
2016-09-16 13:00:00,0.8215,0.688,0.8042,0.005,1.7801,101.266,33.41,863.738,0.1369
2016-09-16 14:00:00,0.7955,0.6421,0.7569,0.0047,2.2091,101.206,34.1,770.2,0.1278
2016-09-16 15:00:00,0.7029,0.5326,0.7097,0.0044,2.6468,101.145,34.78,591.184,0.106
2016-09-16 16:00:00,0.592,0.4055,0.6625,0.0041,3.0814,101.085,35.47,386.376,0.0807
2016-09-16 17:00:00,0.4478,0.2718,0.6833,0.0042,3.3681,101.044,32.06,210.492,0.054
2016-09-17 05:00:00,0.0064,0.0016,0.8277,0.0051,1.3038,101.375,14.19,0.0,0.0
2016-09-17 06:00:00,0.0089,0.0036,0.8453,0.0052,1.222,101.404,14.4,15.024,0.0004
2016-09-17 07:00:00,0.1166,0.0875,0.8628,0.0053,1.2021,101.432,14.62,200.529,0.0164
2016-09-17 08:00:00,0.2961,0.2411,0.8703,0.0054,1.4503,101.454,19.04,367.98,0.0458
2016-09-17 09:00:00,0.4803,0.3957,0.8778,0.0054,1.7268,101.476,23.47,560.672,0.0753
2016-09-17 10:00:00,0.6462,0.5299,0.8853,0.0054,2.0207,101.498,27.89,690.595,0.101
2016-09-17 11:00:00,0.7513,0.6208,0.8598,0.0053,2.0124,101.452,30.56,792.183,0.1184
2016-09-17 12:00:00,0.8304,0.6869,0.8343,0.0051,2.0248,101.407,33.23,848.913,0.131
2016-09-17 13:00:00,0.8542,0.7017,0.8088,0.005,2.0327,101.361,35.9,839.138,0.1338
2016-09-17 14:00:00,0.8415,0.6628,0.7755,0.0048,2.5769,101.274,36.41,747.47,0.1264
2016-09-17 15:00:00,0.7647,0.5624,0.7422,0.0046,3.1421,101.186,36.91,572.64,0.1072
2016-09-17 16:00:00,0.6772,0.4509,0.709,0.0044,3.7273,101.098,37.41,377.688,0.0859
2016-09-17 17:00:00,0.5142,0.3066,0.7011,0.0043,3.8798,101.082,33.86,203.432,0.0583
2016-09-18 05:00:00,-0.0083,-0.0086,0.8111,0.005,0.8127,101.253,16.15,0.0,0.0005
2016-09-18 06:00:00,-0.013,-0.0112,0.8247,0.0051,0.6122,101.25,16.44,12.992,0.0
2016-09-18 07:00:00,0.0845,0.0697,0.8382,0.0052,0.4031,101.246,16.72,197.16,0.0158
2016-09-18 08:00:00,0.2638,0.2277,0.8498,0.0052,0.6413,101.319,21.29,363.822,0.0466
2016-09-18 09:00:00,0.4484,0.3844,0.8615,0.0053,0.9805,101.392,25.86,555.291,0.0772
2016-09-18 10:00:00,0.6146,0.5196,0.8732,0.0054,1.3336,101.466,30.44,686.319,0.1035
2016-09-18 11:00:00,0.7282,0.6142,0.8408,0.0052,1.4916,101.361,33.08,787.346,0.122
2016-09-18 12:00:00,0.8174,0.6843,0.8083,0.005,1.6698,101.257,35.73,843.513,0.1356
2016-09-18 13:00:00,0.8569,0.7069,0.776,0.0048,1.8495,101.153,38.37,837.162,0.14
2016-09-18 14:00:00,0.804,0.646,0.7511,0.0046,2.0422,101.076,38.87,744.892,0.1282
2016-09-18 15:00:00,0.6831,0.5197,0.7262,0.0045,2.2642,100.999,39.37,569.552,0.1036
2016-09-18 16:00:00,0.5418,0.3731,0.7013,0.0043,2.5045,100.922,39.86,367.032,0.075
2016-09-18 17:00:00,0.4296,0.2558,0.7155,0.0044,2.9671,100.875,36.49,195.372,0.0521
2016-09-19 05:00:00,0.0231,0.0119,0.9127,0.0056,1.3732,101.117,20.08,0.0,0.0001
2016-09-19 06:00:00,0.0218,0.0112,0.9342,0.0058,1.2472,101.131,20.21,11.056,0.0
2016-09-19 07:00:00,0.1375,0.099,0.9558,0.0059,1.1261,101.144,20.34,193.447,0.0143
2016-09-19 08:00:00,0.3425,0.2724,0.9867,0.0061,1.4975,101.129,24.75,358.999,0.0424
2016-09-19 09:00:00,0.5485,0.4409,1.0175,0.0063,1.9321,101.114,29.16,548.895,0.0698
2016-09-19 10:00:00,0.7364,0.5879,1.0484,0.0065,2.3816,101.099,33.58,679.253,0.0936
2016-09-19 11:00:00,0.9023,0.7091,1.0473,0.0065,3.0349,101.032,35.9,779.324,0.1133
2016-09-19 12:00:00,1.0463,0.8071,1.0463,0.0065,3.6906,100.965,38.23,834.719,0.1292
2016-09-19 13:00:00,1.1474,0.8628,1.0453,0.0065,4.3378,100.899,40.55,828.237,0.1383
2016-09-19 14:00:00,1.113,0.8128,1.0313,0.0064,4.7201,100.865,40.61,736.15,0.1301
2016-09-19 15:00:00,1.0149,0.7019,1.0173,0.0063,5.13,100.831,40.67,561.744,0.1121
2016-09-19 16:00:00,0.8992,0.5743,1.0034,0.0062,5.5437,100.797,40.72,362.688,0.0914
2016-09-19 17:00:00,0.7052,0.4137,1.0073,0.0062,5.615,100.83,37.06,190.712,0.0653
2016-09-20 05:00:00,0.0206,0.0119,1.0955,0.0068,1.9052,101.349,17.04,0.0,0.0005
2016-09-20 06:00:00,0.0168,0.009,1.093,0.0067,1.5789,101.369,17.28,9.104,0.0
2016-09-20 07:00:00,0.1205,0.0896,1.0905,0.0067,1.2572,101.389,17.52,190.31,0.0149
2016-09-20 08:00:00,0.3179,0.253,1.067,0.0066,1.8432,101.378,21.04,355.244,0.0452
2016-09-20 09:00:00,0.5174,0.4126,1.0434,0.0064,2.4359,101.366,24.56,544.122,0.0748
2016-09-20 10:00:00,0.7008,0.5521,1.02,0.0063,3.0328,101.355,28.08,671.826,0.1007
2016-09-20 11:00:00,0.8243,0.6489,0.9661,0.006,3.2801,101.274,30.1,770.905,0.1186
2016-09-20 12:00:00,0.9239,0.7218,0.9122,0.0056,3.5451,101.192,32.11,825.452,0.1321
2016-09-20 13:00:00,0.9706,0.7442,0.8585,0.0053,3.8061,101.111,34.13,804.675,0.1362
2016-09-20 14:00:00,0.9364,0.6966,0.8267,0.0051,4.1453,101.035,34.34,714.398,0.1274
2016-09-20 15:00:00,0.8424,0.5922,0.7949,0.0049,4.4904,100.96,34.55,544.064,0.1081
2016-09-20 16:00:00,0.7345,0.4744,0.7632,0.0047,4.8407,100.885,34.76,352.184,0.0863
2016-09-20 17:00:00,0.5225,0.3066,0.7261,0.0045,4.4506,100.898,31.46,182.844,0.0552
2016-09-21 05:00:00,0.0422,0.0265,0.835,0.0051,1.9537,101.163,18.67,0.0,0.0
2016-09-21 06:00:00,0.0469,0.03,0.8445,0.0052,2.0479,101.175,18.91,3.712,0.0012
2016-09-21 07:00:00,0.0729,0.0504,0.854,0.0053,2.1446,101.188,19.15,73.868,0.008
2016-09-21 08:00:00,0.2636,0.181,0.8693,0.0054,2.5469,101.215,20.34,138.724,0.0519
2016-09-21 09:00:00,0.3508,0.2472,0.8846,0.0055,3.05,101.244,21.52,212.871,0.074
2016-09-21 10:00:00,0.409,0.2837,0.8999,0.0055,3.6041,101.272,22.71,222.095,0.0863
2016-09-21 11:00:00,0.4596,0.3199,0.8936,0.0055,3.8786,101.218,23.53,254.865,0.0984
2016-09-21 12:00:00,0.502,0.3477,0.8874,0.0055,4.162,101.164,24.34,272.848,0.1078
2016-09-21 13:00:00,0.5893,0.4169,0.8812,0.0054,4.4593,101.11,25.16,380.205,0.131
2016-09-21 14:00:00,0.587,0.4033,0.8755,0.0054,4.8689,101.089,25.3,337.184,0.1264
2016-09-21 15:00:00,0.5633,0.3694,0.8698,0.0054,5.2814,101.069,25.44,256.256,0.115
2016-09-21 16:00:00,0.6005,0.393,0.8641,0.0053,5.7029,101.049,25.58,345.184,0.1229
2016-09-21 17:00:00,0.4288,0.2559,0.8693,0.0054,5.5741,101.008,22.93,176.856,0.077
2016-09-22 05:00:00,-0.0084,-0.0079,0.9161,0.0056,2.1975,101.501,7.61,0.0,0.0002
2016-09-22 06:00:00,-0.01,-0.0089,0.9254,0.0057,1.6086,101.525,8.27,5.648,0.0
2016-09-22 07:00:00,0.0663,0.056,0.9347,0.0057,1.0875,101.549,8.93,188.787,0.0138
2016-09-22 08:00:00,0.2148,0.1844,0.9444,0.0058,1.4016,101.613,12.66,356.729,0.041
2016-09-22 09:00:00,0.3811,0.321,0.9541,0.0059,2.0298,101.677,16.39,548.361,0.07
2016-09-22 10:00:00,0.5449,0.4472,0.9639,0.0059,2.7518,101.741,20.12,678.432,0.0968
2016-09-22 11:00:00,0.6698,0.5396,0.897,0.0055,3.383,101.647,21.82,778.662,0.1164
2016-09-22 12:00:00,0.7848,0.6174,0.8302,0.0051,4.1215,101.553,23.52,833.36,0.1329
2016-09-22 13:00:00,0.8713,0.6638,0.7635,0.0047,4.9245,101.458,25.22,825.276,0.1427
2016-09-22 14:00:00,0.8273,0.6143,0.7389,0.0045,5.1611,101.477,25.25,731.036,0.1322
2016-09-22 15:00:00,0.7326,0.5168,0.7142,0.0044,5.4024,101.497,25.29,554.448,0.1115
2016-09-22 16:00:00,0.6211,0.4034,0.6895,0.0042,5.6394,101.516,25.32,348.72,0.0875
2016-09-22 17:00:00,0.4228,0.2508,0.7132,0.0044,5.0685,101.486,22.74,176.22,0.0551
2016-09-23 05:00:00,0.0018,-0.0007,0.886,0.0054,1.88,101.919,10.26,0.0,0.0
2016-09-23 06:00:00,0.0021,-0.0004,0.8912,0.0055,1.8028,101.949,10.45,3.872,0.0001
2016-09-23 07:00:00,0.09,0.0678,0.8964,0.0055,1.7415,101.979,10.64,183.946,0.0134
2016-09-23 08:00:00,0.2672,0.2121,0.8837,0.0054,2.3347,101.982,14.79,349.796,0.0416
2016-09-23 09:00:00,0.4625,0.3647,0.871,0.0053,3.0464,101.984,18.94,538.723,0.0714
2016-09-23 10:00:00,0.6546,0.5065,0.8584,0.0053,3.7924,101.987,23.1,662.175,0.0991
2016-09-23 11:00:00,0.7888,0.6051,0.8003,0.0049,4.3366,101.891,24.94,760.095,0.1184
2016-09-23 12:00:00,0.9046,0.6841,0.7423,0.0045,4.8798,101.795,26.78,813.283,0.1339
2016-09-23 13:00:00,0.9796,0.7224,0.6845,0.0042,5.4332,101.7,28.62,792.654,0.1413
2016-09-23 14:00:00,0.922,0.667,0.6785,0.0042,5.3886,101.71,28.89,701.32,0.1305
2016-09-23 15:00:00,0.8099,0.5598,0.6726,0.0041,5.3537,101.719,29.17,530.8,0.1096
2016-09-23 16:00:00,0.6852,0.4404,0.6666,0.0041,5.337,101.729,29.44,342.776,0.0862
2016-09-23 17:00:00,0.4766,0.2782,0.6508,0.004,4.7557,101.685,26.75,170.752,0.0545
2016-09-24 05:00:00,0.0208,0.0125,0.796,0.0049,1.9532,101.882,13.27,0.0,0.0006
2016-09-24 06:00:00,0.0173,0.0098,0.8104,0.005,1.7813,101.839,13.36,1.936,0.0
2016-09-24 07:00:00,0.1122,0.0784,0.8247,0.0051,1.6237,101.797,13.46,175.308,0.0142
2016-09-24 08:00:00,0.2852,0.2251,0.8499,0.0052,1.8613,101.848,17.72,335.544,0.0446
2016-09-24 09:00:00,0.4583,0.3687,0.8752,0.0054,2.1208,101.899,21.98,517.748,0.0744
2016-09-24 10:00:00,0.623,0.5021,0.9004,0.0055,2.382,101.95,26.24,654.166,0.1021
2016-09-24 11:00:00,0.7288,0.5902,0.9248,0.0057,2.51,101.847,28.48,750.987,0.1203
2016-09-24 12:00:00,0.8187,0.6582,0.9492,0.0058,2.7649,101.745,30.73,803.326,0.1344
2016-09-24 13:00:00,0.8741,0.6891,0.9735,0.006,3.1155,101.642,32.97,792.028,0.1408
2016-09-24 14:00:00,0.8328,0.6379,0.9562,0.0059,3.3622,101.603,33.51,699.96,0.1302
2016-09-24 15:00:00,0.7301,0.5286,0.939,0.0058,3.6101,101.563,34.05,528.64,0.1076
2016-09-24 16:00:00,0.6093,0.4025,0.9218,0.0057,3.8451,101.524,34.58,335.168,0.0814
2016-09-24 17:00:00,0.423,0.248,0.9265,0.0057,3.6719,101.509,31.69,164.492,0.0494
2016-09-25 05:00:00,-0.0286,-0.0208,0.8914,0.0055,0.4561,101.701,15.11,0.0,0.0
2016-09-25 06:00:00,-0.024,-0.0181,0.8966,0.0055,0.5423,101.703,15.01,0.208,0.0006
2016-09-25 07:00:00,0.0815,0.0641,0.9017,0.0055,0.6671,101.705,14.91,180.66,0.0194
2016-09-25 08:00:00,0.2585,0.2174,0.8717,0.0053,0.9326,101.749,19.49,348.109,0.0544
2016-09-25 09:00:00,0.4393,0.3696,0.8416,0.0052,1.2443,101.793,24.07,538.195,0.0892
2016-09-25 10:00:00,0.6026,0.5015,0.8115,0.005,1.5717,101.837,28.65,667.069,0.1194
2016-09-25 11:00:00,0.6761,0.5744,0.7569,0.0046,1.3261,101.733,31.25,765.894,0.136
2016-09-25 12:00:00,0.7375,0.629,0.7024,0.0043,1.2802,101.63,33.85,819.093,0.1485
2016-09-25 13:00:00,0.7704,0.6468,0.648,0.004,1.4525,101.527,36.45,810.954,0.1526
2016-09-25 14:00:00,0.6518,0.5512,0.6375,0.0039,1.1245,101.441,37.0,715.845,0.1307
2016-09-25 15:00:00,0.4565,0.3844,0.6271,0.0039,0.7983,101.356,37.55,539.472,0.0926
2016-09-25 16:00:00,0.2261,0.1849,0.6166,0.0038,0.4838,101.27,38.1,329.816,0.047
2016-09-25 17:00:00,0.0326,0.0206,0.6542,0.004,0.1844,101.28,36.0,159.368,0.0095
2016-09-26 05:00:00,-0.0284,-0.0212,0.7849,0.0048,0.4607,101.441,18.67,0.0,0.0
2016-09-26 06:00:00,-0.0279,-0.0209,0.7915,0.0049,0.4669,101.51,18.52,0.0,0.0001
2016-09-26 07:00:00,0.0879,0.0654,0.7981,0.0049,0.628,101.578,18.37,175.813,0.0181
2016-09-26 08:00:00,0.2467,0.2136,0.7971,0.0049,0.5186,101.555,22.74,341.085,0.0492
2016-09-26 09:00:00,0.3871,0.3462,0.7961,0.0049,0.4104,101.533,27.12,528.386,0.077
2016-09-26 10:00:00,0.4964,0.4515,0.7952,0.0049,0.2973,101.511,31.5,659.74,0.099
2016-09-26 11:00:00,0.5695,0.5239,0.7888,0.0048,0.2025,101.46,33.83,757.595,0.1142
2016-09-26 12:00:00,0.6538,0.5891,0.7823,0.0048,0.4588,101.408,36.16,809.997,0.1278
2016-09-26 13:00:00,0.6934,0.6082,0.7759,0.0048,0.7752,101.358,38.49,798.34,0.1319
2016-09-26 14:00:00,0.7164,0.5853,0.759,0.0047,1.6219,101.275,38.79,703.872,0.127
2016-09-26 15:00:00,0.6775,0.5029,0.7421,0.0046,2.5181,101.192,39.1,529.296,0.1098
2016-09-26 16:00:00,0.6174,0.4009,0.7252,0.0045,3.4286,101.11,39.4,323.464,0.0884
2016-09-26 17:00:00,0.4475,0.2532,0.7216,0.0045,3.4247,101.089,36.25,153.784,0.0575
2016-09-27 05:00:00,-0.0015,-0.0047,0.7921,0.0049,0.8641,101.17,19.26,0.0,0.0009
2016-09-27 06:00:00,-0.0088,-0.0093,0.7904,0.0049,0.7473,101.239,18.96,0.0,0.0
2016-09-27 07:00:00,0.0902,0.066,0.7887,0.0049,0.6703,101.308,18.66,173.745,0.0153
2016-09-27 08:00:00,0.2429,0.2113,0.7905,0.0049,0.472,101.311,23.04,339.47,0.045
2016-09-27 09:00:00,0.4034,0.3542,0.7924,0.0049,0.5869,101.315,27.42,526.96,0.0741
2016-09-27 10:00:00,0.5612,0.4843,0.7943,0.0049,0.9122,101.319,31.8,658.835,0.1006
2016-09-27 11:00:00,0.686,0.5821,0.77,0.0047,1.2649,101.178,33.99,756.69,0.1205
2016-09-27 12:00:00,0.7883,0.6566,0.7458,0.0046,1.6378,101.038,36.18,808.821,0.1357
2016-09-27 13:00:00,0.8405,0.6825,0.7217,0.0045,2.0104,100.898,38.36,796.727,0.141
2016-09-27 14:00:00,0.8179,0.6366,0.7013,0.0043,2.4923,100.841,38.6,701.613,0.1316
2016-09-27 15:00:00,0.73,0.5289,0.681,0.0042,2.9841,100.785,38.83,526.416,0.1097
2016-09-27 16:00:00,0.6148,0.3961,0.6608,0.0041,3.4671,100.729,39.06,316.624,0.0826
2016-09-27 17:00:00,0.2896,0.2016,0.6766,0.0042,3.6733,100.732,35.68,148.008,0.043
2016-09-28 05:00:00,0.0066,0.0008,0.8272,0.0051,1.0565,101.004,18.28,0.0,0.0008
2016-09-28 06:00:00,-0.0002,-0.0036,0.8391,0.0052,0.9339,101.071,18.05,0.0,0.0
2016-09-28 07:00:00,0.0936,0.0675,0.851,0.0053,0.8188,101.139,17.82,169.822,0.0133
2016-09-28 08:00:00,0.2723,0.2242,0.8683,0.0054,1.0149,101.15,21.85,334.222,0.0425
2016-09-28 09:00:00,0.4431,0.3704,0.8856,0.0055,1.2491,101.162,25.87,519.882,0.0697
2016-09-28 10:00:00,0.5971,0.4976,0.903,0.0056,1.5157,101.174,29.9,651.007,0.0935
2016-09-28 11:00:00,0.7405,0.6049,0.8856,0.0055,2.0498,101.088,32.33,747.81,0.1135
2016-09-28 12:00:00,0.8639,0.6903,0.8682,0.0054,2.6005,101.002,34.77,799.124,0.1294
2016-09-28 13:00:00,0.9422,0.7311,0.8509,0.0053,3.1506,100.917,37.2,785.678,0.137
2016-09-28 14:00:00,0.9365,0.6958,0.8352,0.0052,3.7968,100.89,37.49,691.047,0.1304
2016-09-28 15:00:00,0.8728,0.6045,0.8195,0.0051,4.4825,100.863,37.78,517.328,0.1134
2016-09-28 16:00:00,0.7895,0.494,0.8038,0.005,5.1925,100.836,38.07,311.616,0.0928
2016-09-28 17:00:00,0.5983,0.3383,0.8269,0.0051,5.2016,100.858,34.32,143.116,0.0638
2016-09-29 05:00:00,0.0127,0.0066,1.0089,0.0062,1.8527,101.433,14.61,0.0,0.0001
2016-09-29 06:00:00,0.0122,0.0062,1.0158,0.0063,1.8417,101.446,14.63,0.0,0.0
2016-09-29 07:00:00,0.1087,0.0764,1.0228,0.0063,1.8171,101.459,14.65,168.383,0.0138
2016-09-29 08:00:00,0.2778,0.2212,1.0226,0.0063,1.9282,101.518,18.32,333.897,0.0421
2016-09-29 09:00:00,0.4435,0.3615,1.0225,0.0063,2.0594,101.576,21.99,520.482,0.0697
2016-09-29 10:00:00,0.5919,0.484,1.0223,0.0063,2.2145,101.635,25.65,651.887,0.0937
2016-09-29 11:00:00,0.7271,0.5857,0.9799,0.006,2.7193,101.609,27.95,748.933,0.1136
2016-09-29 12:00:00,0.8451,0.668,0.9374,0.0058,3.2423,101.583,30.25,800.15,0.1297
2016-09-29 13:00:00,0.9209,0.7083,0.895,0.0055,3.7604,101.557,32.56,786.264,0.1377
2016-09-29 14:00:00,0.917,0.6748,0.862,0.0053,4.5393,101.494,32.67,690.734,0.1311
2016-09-29 15:00:00,0.8582,0.5895,0.829,0.0051,5.3301,101.431,32.79,515.92,0.1144
2016-09-29 16:00:00,0.7802,0.4863,0.7961,0.0049,6.1347,101.369,32.9,307.016,0.0941
2016-09-29 17:00:00,0.5513,0.313,0.8058,0.005,5.6451,101.386,29.45,138.428,0.0601
2016-09-30 05:00:00,0.009,0.0045,0.9165,0.0056,2.0751,101.744,11.77,0.0,0.0008
2016-09-30 06:00:00,0.0039,0.0006,0.9181,0.0056,1.713,101.806,11.91,0.0,0.0
2016-09-30 07:00:00,0.0805,0.0593,0.9197,0.0056,1.3553,101.868,12.04,165.523,0.012
2016-09-30 08:00:00,0.2583,0.2055,0.9105,0.0056,2.0353,101.867,15.82,330.779,0.0418
2016-09-30 09:00:00,0.4441,0.3523,0.9015,0.0055,2.7171,101.866,19.59,516.727,0.0717
2016-09-30 10:00:00,0.6248,0.4882,0.8924,0.0055,3.3995,101.865,23.36,646.026,0.0995
2016-09-30 11:00:00,0.7628,0.5883,0.8386,0.0051,4.0401,101.813,25.28,742.345,0.1199
2016-09-30 12:00:00,0.8861,0.6711,0.7849,0.0048,4.7089,101.761,27.2,792.9,0.1368
2016-09-30 13:00:00,0.9653,0.7088,0.7313,0.0045,5.415,101.71,29.12,763.414,0.1445
2016-09-30 14:00:00,0.9246,0.6593,0.7153,0.0044,5.7971,101.641,28.95,669.825,0.1344
2016-09-30 15:00:00,0.8338,0.5629,0.6994,0.0043,6.1794,101.573,28.78,499.152,0.1147
2016-09-30 16:00:00,0.7071,0.4321,0.6834,0.0042,6.5813,101.505,28.61,266.768,0.088
2016-09-30 17:00:00,0.2242,0.1769,0.7048,0.0043,6.1907,101.497,25.8,117.984,0.036
2016-10-01 05:00:00,0.0023,0.0002,0.8999,0.0055,2.7071,101.856,8.85,0.0,0.0
2016-10-01 06:00:00,0.0027,0.0004,0.9037,0.0055,2.5831,101.894,9.18,0.0,0.0001
2016-10-01 07:00:00,0.0812,0.0594,0.9075,0.0056,2.4607,101.933,9.5,170.591,0.0145
2016-10-01 08:00:00,0.2462,0.1944,0.917,0.0056,2.8701,101.949,13.29,343.648,0.0476
2016-10-01 09:00:00,0.4188,0.3289,0.9264,0.0057,3.5265,101.964,17.07,514.985,0.0805
2016-10-01 10:00:00,0.6023,0.4653,0.9359,0.0057,4.3226,101.98,20.85,648.514,0.1139
2016-10-01 11:00:00,0.6864,0.5365,0.8745,0.0054,3.9988,101.903,22.47,734.829,0.1313
2016-10-01 12:00:00,0.738,0.5799,0.8132,0.005,3.6777,101.826,24.08,771.578,0.1419
2016-10-01 13:00:00,0.7455,0.5838,0.752,0.0046,3.3752,101.749,25.7,749.435,0.1429
2016-10-01 14:00:00,0.6776,0.5172,0.7283,0.0045,3.4048,101.633,25.82,642.756,0.1266
2016-10-01 15:00:00,0.5754,0.4164,0.7045,0.0043,3.496,101.518,25.94,480.64,0.1019
2016-10-01 16:00:00,0.4449,0.2867,0.6809,0.0042,3.6557,101.402,26.06,269.328,0.0702
2016-10-01 17:00:00,0.1578,0.1175,0.6718,0.0041,3.7066,101.367,23.03,116.736,0.0287
2016-10-02 05:00:00,0.0028,0.0005,0.8357,0.0051,2.4668,101.573,8.3,0.0,0.0001
2016-10-02 06:00:00,0.0022,-0.0001,0.8491,0.0052,2.3114,101.594,8.68,0.0,0.0
2016-10-02 07:00:00,0.0765,0.0558,0.8625,0.0053,2.1786,101.615,9.07,166.041,0.0148
2016-10-02 08:00:00,0.2374,0.1869,0.899,0.0055,3.0469,101.645,12.59,337.242,0.0496
2016-10-02 09:00:00,0.4116,0.318,0.9355,0.0057,4.3533,101.676,16.12,506.524,0.0844
2016-10-02 10:00:00,0.587,0.4391,0.972,0.006,5.7943,101.706,19.65,603.348,0.1165
2016-10-02 11:00:00,0.668,0.5014,0.9298,0.0057,5.9772,101.677,20.51,683.782,0.133
2016-10-02 12:00:00,0.724,0.5399,0.8875,0.0054,6.1513,101.648,21.37,717.809,0.1432
2016-10-02 13:00:00,0.7084,0.5103,0.8453,0.0052,6.3345,101.618,22.22,602.923,0.1354
2016-10-02 14:00:00,0.6466,0.4555,0.8738,0.0054,6.3792,101.602,22.0,516.464,0.1208
2016-10-02 15:00:00,0.5607,0.3778,0.9022,0.0055,6.4344,101.585,21.78,385.296,0.1002
2016-10-02 16:00:00,0.4644,0.2903,0.9306,0.0057,6.4909,101.569,21.56,241.84,0.077
2016-10-02 17:00:00,0.1175,0.0941,0.9338,0.0057,5.3895,101.528,19.22,102.632,0.025
2016-10-03 05:00:00,-0.0201,-0.0156,0.9626,0.0059,0.9937,101.784,8.66,0.0,0.0002
2016-10-03 06:00:00,-0.0208,-0.016,0.9664,0.0059,0.9405,101.853,8.83,0.0,0.0
2016-10-03 07:00:00,0.0059,0.0037,0.9701,0.0059,0.9227,101.922,9.0,85.518,0.0109
2016-10-03 08:00:00,0.1148,0.0988,1.0031,0.0061,0.9765,101.938,11.54,175.175,0.0635
2016-10-03 09:00:00,0.188,0.1602,1.0361,0.0063,1.2481,101.955,14.07,263.709,0.0974
2016-10-03 10:00:00,0.2229,0.1818,1.069,0.0065,1.6327,101.971,16.6,252.53,0.1094
2016-10-03 11:00:00,0.2585,0.2106,1.0428,0.0064,1.6568,101.949,17.71,286.244,0.1253
2016-10-03 12:00:00,0.284,0.2289,1.0165,0.0062,1.7342,101.926,18.81,300.433,0.1354
2016-10-03 13:00:00,0.2995,0.2362,0.9903,0.0061,1.8726,101.903,19.91,295.107,0.1395
2016-10-03 14:00:00,0.2707,0.2089,1.0002,0.0061,1.892,101.834,19.94,252.48,0.1244
2016-10-03 15:00:00,0.2278,0.1682,1.01,0.0062,1.9182,101.764,19.98,187.904,0.1019
2016-10-03 16:00:00,0.1806,0.1236,1.0198,0.0063,1.9367,101.695,20.01,145.64,0.0772
2016-10-03 17:00:00,0.0194,0.0107,1.0125,0.0062,0.8184,101.634,19.06,60.454,0.0148
2016-10-04 05:00:00,0.0042,0.0006,1.0744,0.0066,1.7004,101.616,14.12,0.0,0.0
2016-10-04 06:00:00,0.0074,0.003,1.0698,0.0066,1.8682,101.627,14.11,0.0,0.0007
2016-10-04 07:00:00,0.082,0.0526,1.0651,0.0065,2.0475,101.639,14.09,127.321,0.0144
2016-10-04 08:00:00,0.2224,0.1744,1.075,0.0066,2.2773,101.683,16.1,263.116,0.0482
2016-10-04 09:00:00,0.3334,0.2671,1.0848,0.0067,2.5205,101.729,18.1,397.075,0.0739
2016-10-04 10:00:00,0.4658,0.3784,1.0947,0.0067,2.7815,101.773,20.1,559.145,0.1048
2016-10-04 11:00:00,0.5483,0.4426,1.0767,0.0066,3.1098,101.651,21.37,633.964,0.1225
2016-10-04 12:00:00,0.6062,0.4823,1.0587,0.0065,3.4408,101.53,22.65,665.234,0.1335
2016-10-04 13:00:00,0.6741,0.5302,1.0407,0.0064,3.7881,101.408,23.92,711.982,0.1468
2016-10-04 14:00:00,0.6349,0.4806,1.0082,0.0062,4.1863,101.354,24.19,608.352,0.1331
2016-10-04 15:00:00,0.5639,0.4006,0.9758,0.006,4.5848,101.3,24.46,451.68,0.1109
2016-10-04 16:00:00,0.4662,0.2949,0.9434,0.0058,4.9874,101.245,24.73,248.272,0.0816
2016-10-04 17:00:00,0.1401,0.1076,0.9357,0.0058,4.4863,101.241,22.22,100.688,0.0297
2016-10-05 05:00:00,-0.0063,-0.0065,0.9588,0.0059,1.7107,101.624,9.88,0.0,0.0
2016-10-05 06:00:00,-0.0043,-0.005,0.9626,0.0059,1.9828,101.62,9.7,0.0,0.0004
2016-10-05 07:00:00,0.0653,0.0482,0.9665,0.0059,2.3754,101.616,9.53,156.519,0.0131
2016-10-05 08:00:00,0.2265,0.1804,0.9842,0.006,2.8792,101.709,13.2,326.456,0.0446
2016-10-05 09:00:00,0.3885,0.3084,1.0019,0.0061,3.3786,101.801,16.88,493.843,0.0752
2016-10-05 10:00:00,0.5551,0.4361,1.0198,0.0062,3.8805,101.893,20.56,626.95,0.1057
2016-10-05 11:00:00,0.6628,0.5173,0.9713,0.006,4.1808,101.782,22.32,710.994,0.1251
2016-10-05 12:00:00,0.7467,0.5749,0.9229,0.0057,4.4836,101.67,24.08,745.905,0.1388
2016-10-05 13:00:00,0.7979,0.6002,0.8746,0.0054,4.8021,101.558,25.84,721.351,0.1448
2016-10-05 14:00:00,0.7435,0.5421,0.831,0.0051,4.9464,101.55,25.89,615.584,0.131
2016-10-05 15:00:00,0.6551,0.4516,0.7874,0.0048,5.0924,101.543,25.94,455.944,0.1094
2016-10-05 16:00:00,0.5335,0.3299,0.7437,0.0046,5.2259,101.535,25.99,244.704,0.0803
2016-10-05 17:00:00,0.1648,0.1264,0.7368,0.0045,4.6549,101.534,23.1,96.848,0.0317
2016-10-06 05:00:00,0.0057,0.0022,0.8022,0.0049,2.0243,101.659,9.44,0.0,0.0001
2016-10-06 06:00:00,0.0048,0.0017,0.8059,0.0049,2.1038,101.641,9.06,0.0,0.0
2016-10-06 07:00:00,0.0736,0.0515,0.8095,0.005,2.1836,101.621,8.68,153.759,0.012
2016-10-06 08:00:00,0.2451,0.1898,0.8064,0.0049,2.7136,101.672,13.02,323.736,0.0454
2016-10-06 09:00:00,0.4219,0.3268,0.8032,0.0049,3.2591,101.721,17.37,490.965,0.0785
2016-10-06 10:00:00,0.6058,0.4648,0.8002,0.0049,3.8062,101.772,21.72,621.52,0.1119
2016-10-06 11:00:00,0.7023,0.5413,0.7689,0.0047,3.8843,101.678,23.6,705.012,0.1304
2016-10-06 12:00:00,0.7727,0.5924,0.7377,0.0045,3.9885,101.583,25.48,739.481,0.1427
2016-10-06 13:00:00,0.8087,0.6103,0.7065,0.0043,4.1113,101.489,27.36,717.267,0.147
2016-10-06 14:00:00,0.7309,0.5391,0.6796,0.0042,3.9521,101.442,27.6,611.328,0.1298
2016-10-06 15:00:00,0.6139,0.4308,0.6527,0.004,3.8121,101.395,27.83,451.68,0.1037
2016-10-06 16:00:00,0.46,0.288,0.6257,0.0038,3.6707,101.347,28.06,244.496,0.0692
2016-10-06 17:00:00,0.1693,0.1227,0.634,0.0039,3.4909,101.315,25.39,94.316,0.0292
2016-10-07 05:00:00,-0.0117,-0.0105,0.7164,0.0044,0.8026,101.538,11.65,0.0,0.0025
2016-10-07 06:00:00,-0.029,-0.0208,0.7232,0.0044,0.4162,101.568,11.25,0.0,0.0
2016-10-07 07:00:00,0.0302,0.0272,0.7302,0.0045,0.0707,101.599,10.85,150.37,0.0117
2016-10-07 08:00:00,0.1898,0.1674,0.7304,0.0045,0.4561,101.655,15.21,319.696,0.0459
2016-10-07 09:00:00,0.3498,0.2991,0.7306,0.0045,0.9823,101.71,19.58,486.097,0.0781
2016-10-07 10:00:00,0.5094,0.4249,0.7308,0.0045,1.5066,101.766,23.94,612.169,0.1088
2016-10-07 11:00:00,0.6144,0.5068,0.6939,0.0043,1.8042,101.607,26.33,694.587,0.1288
2016-10-07 12:00:00,0.6906,0.5599,0.6571,0.004,2.1077,101.448,28.72,728.401,0.1417
2016-10-07 13:00:00,0.7273,0.5744,0.6205,0.0038,2.415,101.289,31.11,700.645,0.1453
2016-10-07 14:00:00,0.6675,0.5091,0.5857,0.0036,2.5724,101.237,31.61,596.4,0.1293
2016-10-07 15:00:00,0.5665,0.4048,0.5511,0.0034,2.7313,101.187,32.1,439.56,0.1039
2016-10-07 16:00:00,0.4287,0.2656,0.5164,0.0032,2.8915,101.135,32.6,235.624,0.0699
2016-10-07 17:00:00,0.1762,0.1188,0.5285,0.0033,2.6175,101.112,30.18,88.472,0.0341
2016-10-08 05:00:00,-0.0537,-0.0347,0.6195,0.0038,0.102,101.193,14.03,0.0,0.0
2016-10-08 06:00:00,-0.0153,-0.013,0.6209,0.0038,0.6485,101.147,13.58,0.0,0.0054
2016-10-08 07:00:00,0.0886,0.0573,0.6224,0.0038,1.207,101.102,13.12,147.177,0.0228
2016-10-08 08:00:00,0.2469,0.1981,0.6341,0.0039,1.187,101.228,17.71,316.1,0.0577
2016-10-08 09:00:00,0.3864,0.321,0.646,0.004,1.1902,101.355,22.3,481.892,0.0882
2016-10-08 10:00:00,0.5169,0.4352,0.6579,0.004,1.2093,101.482,26.89,614.482,0.1165
2016-10-08 11:00:00,0.5883,0.5012,0.6544,0.004,1.1463,101.328,29.22,697.405,0.1328
2016-10-08 12:00:00,0.6262,0.5353,0.6509,0.004,1.1028,101.174,31.54,731.227,0.1413
2016-10-08 13:00:00,0.6184,0.5257,0.6474,0.004,1.0863,101.02,33.87,704.57,0.1389
2016-10-08 14:00:00,0.5416,0.4484,0.6388,0.0039,1.18,101.028,34.26,598.992,0.1198
2016-10-08 15:00:00,0.4275,0.3329,0.6302,0.0039,1.3387,101.036,34.66,440.368,0.0911
2016-10-08 16:00:00,0.2788,0.1822,0.6216,0.0038,1.5508,101.044,35.06,232.464,0.0538
2016-10-08 17:00:00,0.1466,0.0936,0.5935,0.0037,1.9507,100.994,32.26,84.838,0.0318
2016-10-09 05:00:00,0.0059,0.0008,0.6516,0.004,1.1089,101.241,14.12,0.0,0.001
2016-10-09 06:00:00,0.0012,-0.0023,0.6565,0.004,1.0179,101.248,13.62,0.0,0.0
2016-10-09 07:00:00,0.0711,0.0475,0.6614,0.0041,0.9218,101.256,13.13,144.936,0.0155
2016-10-09 08:00:00,0.2232,0.1855,0.6832,0.0042,0.8676,101.315,17.54,314.608,0.0
2016-10-09 09:00:00,0.3561,0.3053,0.705,0.0043,0.8481,101.375,21.94,480.921,0.096
2016-10-09 10:00:00,0.4785,0.4145,0.7269,0.0045,0.8591,101.435,26.35,610.13,0.13
2016-10-09 11:00:00,0.5671,0.4889,0.7162,0.0044,1.0012,101.369,28.72,692.672,0.0
2016-10-09 12:00:00,0.6288,0.5348,0.7054,0.0043,1.2015,101.303,31.08,726.131,0.1676
2016-10-09 13:00:00,0.6398,0.5311,0.6946,0.0043,1.4262,101.237,33.45,688.333,0.1664
2016-10-09 14:00:00,0.6228,0.4862,0.6769,0.0042,2.0453,101.181,33.72,584.432,0.1524
2016-10-09 15:00:00,0.5668,0.4046,0.6591,0.0041,2.6732,101.127,34.0,428.576,0.1269
2016-10-09 16:00:00,0.4938,0.3066,0.6414,0.004,3.3201,101.072,34.28,244.888,0.0964
2016-10-09 17:00:00,0.2145,0.151,0.6213,0.0038,3.5396,101.051,30.6,86.728,0.0478
2016-10-10 05:00:00,0.0275,0.0172,0.7461,0.0046,2.0012,101.294,13.95,0.0,0.0009
2016-10-10 06:00:00,0.0232,0.014,0.7461,0.0046,1.8531,101.296,13.72,0.0,0.0
2016-10-10 07:00:00,0.0983,0.0607,0.7461,0.0046,1.72,101.299,13.48,133.492,0.0136
2016-10-10 08:00:00,0.2453,0.1923,0.7859,0.0048,1.6013,101.376,17.15,292.936,0.0519
2016-10-10 09:00:00,0.3685,0.3022,0.8258,0.0051,1.5062,101.452,20.82,449.052,0.0839
2016-10-10 10:00:00,0.4578,0.3804,0.8657,0.0053,1.4431,101.529,24.49,528.262,0.1066
2016-10-10 11:00:00,0.5442,0.4483,0.8527,0.0052,1.714,101.409,26.2,599.903,0.1264
2016-10-10 12:00:00,0.6022,0.4882,0.8397,0.0052,1.9962,101.289,27.91,628.784,0.138
2016-10-10 13:00:00,0.6192,0.4882,0.8267,0.0051,2.2811,101.169,29.63,598.945,0.138
2016-10-10 14:00:00,0.5956,0.4452,0.8193,0.0051,2.831,101.179,29.79,507.904,0.1255
2016-10-10 15:00:00,0.5381,0.371,0.812,0.005,3.3715,101.19,29.94,371.512,0.1039
2016-10-10 16:00:00,0.4688,0.2856,0.8047,0.005,3.9195,101.2,30.1,210.288,0.0791
2016-10-10 17:00:00,0.1706,0.1238,0.8141,0.005,3.7672,101.212,26.61,72.146,0.032
2016-10-11 05:00:00,-0.0208,-0.016,0.9918,0.0061,0.7855,101.652,11.1,0.0,0.0
2016-10-11 06:00:00,-0.0172,-0.0138,0.9938,0.0061,0.9666,101.693,10.79,0.0,0.0006
2016-10-11 07:00:00,0.0452,0.0341,0.9958,0.0061,1.1543,101.733,10.48,137.221,0.0135
2016-10-11 08:00:00,0.195,0.164,1.0395,0.0064,1.4912,101.761,14.1,304.558,0.0486
2016-10-11 09:00:00,0.3397,0.2841,1.0832,0.0066,1.9191,101.789,17.71,468.207,0.081
2016-10-11 10:00:00,0.487,0.4019,1.1268,0.0069,2.377,101.817,21.33,598.516,0.1129
2016-10-11 11:00:00,0.5733,0.4732,1.1095,0.0068,2.445,101.778,23.18,679.898,0.1321
2016-10-11 12:00:00,0.6301,0.5164,1.0921,0.0067,2.5164,101.739,25.03,712.509,0.1438
2016-10-11 13:00:00,0.6433,0.5183,1.0748,0.0066,2.5986,101.7,26.89,679.148,0.1443
2016-10-11 14:00:00,0.5821,0.4548,1.057,0.0065,2.7225,101.655,27.25,575.168,0.1271
2016-10-11 15:00:00,0.4852,0.3567,1.0392,0.0064,2.8724,101.609,27.62,419.64,0.1007
2016-10-11 16:00:00,0.3557,0.2275,1.0214,0.0063,3.0359,101.564,27.98,217.96,0.0658
2016-10-11 17:00:00,0.1314,0.0937,0.9869,0.0061,3.1609,101.545,24.97,72.306,0.0296
2016-10-12 05:00:00,-0.0065,-0.0066,1.0254,0.0063,1.818,101.681,10.53,0.0,0.0006
2016-10-12 06:00:00,-0.0097,-0.0089,1.0254,0.0063,1.6044,101.66,10.34,0.0,0.0
2016-10-12 07:00:00,0.0427,0.0321,1.0254,0.0063,1.4094,101.638,10.16,134.082,0.0115
2016-10-12 08:00:00,0.1877,0.1584,1.0513,0.0065,1.5536,101.683,13.58,301.174,0.0468
2016-10-12 09:00:00,0.3221,0.2729,1.0772,0.0066,1.7161,101.728,17.0,464.344,0.0789
2016-10-12 10:00:00,0.4531,0.3827,1.1031,0.0068,1.8795,101.774,20.43,595.379,0.1096
2016-10-12 11:00:00,0.5368,0.4527,1.0763,0.0066,1.9319,101.716,22.39,676.561,0.1293
2016-10-12 12:00:00,0.5905,0.4945,1.0496,0.0064,1.9844,101.658,24.35,708.913,0.1409
2016-10-12 13:00:00,0.6003,0.4951,1.0228,0.0063,2.0353,101.599,26.3,677.701,0.1411
2016-10-12 14:00:00,0.5737,0.4481,1.0014,0.0062,2.6974,101.576,26.67,573.216,0.1279
2016-10-12 15:00:00,0.5156,0.3706,0.9799,0.006,3.3809,101.553,27.04,417.136,0.1063
2016-10-12 16:00:00,0.4229,0.2605,0.9585,0.0059,4.0603,101.531,27.41,205.136,0.0754
2016-10-12 17:00:00,0.141,0.1037,0.9766,0.006,3.8463,101.477,24.52,65.668,0.0315
2016-10-13 05:00:00,-0.0142,-0.0119,1.1016,0.0068,1.2408,101.524,11.65,0.0,0.0011
2016-10-13 06:00:00,-0.0179,-0.0143,1.0879,0.0067,1.0024,101.474,11.69,0.0,0.0
2016-10-13 07:00:00,0.0213,0.0139,1.0744,0.0066,0.7747,101.424,11.72,103.104,0.0131
2016-10-13 08:00:00,0.1569,0.1338,1.0843,0.0067,0.9713,101.504,14.88,234.428,0.0688
2016-10-13 09:00:00,0.2798,0.2329,1.0943,0.0067,1.5604,101.584,18.04,362.542,0.1148
2016-10-13 10:00:00,0.3665,0.2909,1.1042,0.0068,2.2427,101.664,21.2,380.247,0.1418
2016-10-13 11:00:00,0.3607,0.3064,1.1017,0.0068,1.169,101.613,22.46,432.237,0.149
2016-10-13 12:00:00,0.3441,0.3064,1.0992,0.0068,0.5346,101.562,23.71,452.847,0.149
2016-10-13 13:00:00,0.312,0.2507,1.0968,0.0067,1.3277,101.512,24.97,299.63,0.1231
2016-10-13 14:00:00,0.2619,0.2093,1.0965,0.0067,1.137,101.468,24.99,253.12,0.1039
2016-10-13 15:00:00,0.1978,0.1529,1.0962,0.0068,1.0113,101.426,25.01,183.712,0.0777
2016-10-13 16:00:00,0.1283,0.0893,1.0959,0.0068,0.9575,101.382,25.03,172.264,0.0481
2016-10-13 17:00:00,0.0149,0.0069,1.0793,0.0067,0.6619,101.297,23.7,53.094,0.0098
2016-10-14 05:00:00,0.0127,0.0075,1.6102,0.01,2.9697,101.184,18.11,0.0,0.0012
2016-10-14 06:00:00,0.0112,0.0064,1.6376,0.0101,2.9927,101.155,18.13,0.0,0.0
2016-10-14 07:00:00,0.0174,0.0117,1.6649,0.0103,3.0295,101.125,18.16,28.839,0.006
2016-10-14 08:00:00,0.1081,0.0748,1.7561,0.0109,3.8026,101.191,18.81,66.418,0.0779
2016-10-14 09:00:00,0.1376,0.0993,1.8473,0.0114,4.5792,101.257,19.45,103.049,0.1058
2016-10-14 10:00:00,0.1582,0.1156,1.9385,0.012,5.3535,101.323,20.09,126.199,0.1243
2016-10-14 11:00:00,0.1582,0.1193,1.9896,0.0123,5.4028,101.352,20.12,143.512,0.1286
2016-10-14 12:00:00,0.1518,0.1172,2.0406,0.0126,5.4505,101.383,20.14,150.334,0.1261
2016-10-14 13:00:00,0.1624,0.131,2.0917,0.0129,5.5078,101.412,20.16,187.785,0.1418
2016-10-14 14:00:00,0.1553,0.1207,2.0392,0.0126,5.3276,101.382,20.14,158.432,0.1301
2016-10-14 15:00:00,0.1393,0.1022,1.9866,0.0123,5.1533,101.353,20.13,114.696,0.109
2016-10-14 16:00:00,0.0868,0.0494,1.9341,0.012,4.9731,101.323,20.11,80.428,0.0489
2016-10-14 17:00:00,0.0102,0.0066,1.8015,0.0111,3.5894,101.29,18.22,23.808,0.0002
2016-10-15 05:00:00,-0.0153,-0.013,1.6812,0.0104,2.5604,101.261,15.43,0.0,0.0
2016-10-15 06:00:00,-0.0143,-0.0123,1.6643,0.0103,2.762,101.24,15.27,0.0,0.0005
2016-10-15 07:00:00,0.0016,0.0009,1.6472,0.0102,2.9979,101.218,15.1,64.505,0.009
2016-10-15 08:00:00,0.1169,0.0954,1.6853,0.0104,3.6341,101.138,16.76,150.544,0.07
2016-10-15 09:00:00,0.1977,0.1581,1.7231,0.0107,4.2755,101.056,18.41,234.286,0.1106
2016-10-15 10:00:00,0.2419,0.1835,1.7609,0.0109,4.9203,100.975,20.06,224.202,0.127
2016-10-15 11:00:00,0.2626,0.2016,1.8158,0.0113,5.143,100.971,20.49,255.068,0.1387
2016-10-15 12:00:00,0.2732,0.2097,1.8706,0.0116,5.3969,100.967,20.92,267.161,0.1439
2016-10-15 13:00:00,0.2054,0.1434,1.9253,0.0119,5.6797,100.963,21.35,128.615,0.1011
2016-10-15 14:00:00,0.2225,0.1484,1.8963,0.0118,6.255,100.9,21.75,108.384,0.1043
2016-10-15 15:00:00,0.237,0.15,1.8674,0.0116,6.8437,100.837,22.16,78.248,0.1053
2016-10-15 16:00:00,0.081,0.0662,1.8384,0.0114,7.4205,100.773,22.56,54.66,0.0512
2016-10-15 17:00:00,0.0591,0.0465,1.8101,0.0112,6.198,100.764,21.66,15.498,0.0385
2016-10-16 05:00:00,-0.0051,-0.0056,1.6334,0.0101,2.9,100.911,16.1,0.0,0.0033
2016-10-16 06:00:00,-0.0084,-0.008,1.6525,0.0102,2.7129,100.911,16.0,0.0,0.0
2016-10-16 07:00:00,-0.0007,-0.0014,1.6716,0.0104,2.5592,100.912,15.89,41.268,0.009
2016-10-16 08:00:00,0.0736,0.0618,1.6961,0.0105,2.9857,100.918,16.08,97.67,0.0954
2016-10-16 09:00:00,0.105,0.0908,1.7206,0.0107,3.4479,100.924,16.26,152.476,0.1351
2016-10-16 10:00:00,0.0809,0.0673,1.7451,0.0108,3.9492,100.93,16.45,108.035,0.103
2016-10-16 11:00:00,0.0893,0.0759,1.7527,0.0109,3.3554,100.888,16.56,122.962,0.1148
2016-10-16 12:00:00,0.0928,0.0801,1.7603,0.0109,2.7518,100.844,16.68,128.782,0.1204
2016-10-16 13:00:00,0.0927,0.0811,1.7679,0.011,2.1501,100.802,16.8,129.051,0.1218
2016-10-16 14:00:00,0.0906,0.0745,1.7153,0.0107,2.6882,100.802,16.89,108.608,0.1129
2016-10-16 15:00:00,0.0864,0.0649,1.6627,0.0103,3.24,100.803,16.98,78.208,0.0996
2016-10-16 16:00:00,0.0658,0.0388,1.61,0.01,3.7995,100.803,17.07,92.588,0.064
2016-10-16 17:00:00,0.0109,0.0072,1.5695,0.0097,3.5612,100.791,16.33,25.069,0.0208
2016-10-17 05:00:00,-0.0279,-0.0204,1.3704,0.0084,0.8257,101.391,12.81,0.0,0.0008
2016-10-17 06:00:00,-0.0319,-0.0225,1.3721,0.0085,0.5805,101.455,12.97,0.0,0.0
2016-10-17 07:00:00,0.002,0.0011,1.3737,0.0085,0.6903,101.52,13.13,79.876,0.0089
2016-10-17 08:00:00,0.1229,0.1077,1.3911,0.0086,1.1045,101.584,14.94,191.851,0.0494
2016-10-17 09:00:00,0.2085,0.1804,1.4084,0.0087,1.5108,101.649,16.75,300.549,0.0769
2016-10-17 10:00:00,0.3504,0.3038,1.4258,0.0088,1.9177,101.713,18.56,503.825,0.1237
2016-10-17 11:00:00,0.4158,0.3567,1.381,0.0085,2.1506,101.679,19.51,573.644,0.1438
2016-10-17 12:00:00,0.4571,0.3852,1.3362,0.0082,2.443,101.645,20.45,600.731,0.1546
2016-10-17 13:00:00,0.4081,0.3265,1.2914,0.0079,2.7888,101.61,21.4,456.024,0.1323
2016-10-17 14:00:00,0.3727,0.2866,1.2681,0.0078,3.1085,101.61,21.39,383.28,0.1172
2016-10-17 15:00:00,0.3182,0.2274,1.2449,0.0077,3.4914,101.61,21.37,275.272,0.0948
2016-10-17 16:00:00,0.2542,0.1588,1.2217,0.0075,3.8997,101.61,21.36,167.504,0.0687
2016-10-17 17:00:00,0.0729,0.0538,1.229,0.0076,3.5987,101.593,20.03,43.164,0.0289
2016-10-18 05:00:00,-0.0102,-0.0093,1.164,0.0071,2.22,101.974,10.87,0.0,0.0001
2016-10-18 06:00:00,-0.0108,-0.0097,1.1604,0.0071,2.2854,102.056,10.62,0.0,0.0
2016-10-18 07:00:00,0.0279,0.0204,1.1567,0.0071,2.3573,102.138,10.37,114.626,0.0096
2016-10-18 08:00:00,0.1549,0.1243,1.1724,0.0072,3.1179,102.188,13.02,279.537,0.0427
2016-10-18 09:00:00,0.3126,0.251,1.1881,0.0073,3.9801,102.239,15.67,439.446,0.083
2016-10-18 10:00:00,0.4431,0.346,1.2037,0.0074,4.8915,102.29,18.31,535.919,0.1132
2016-10-18 11:00:00,0.5222,0.4071,1.1385,0.007,4.8867,102.253,19.33,610.458,0.1327
2016-10-18 12:00:00,0.5767,0.4443,1.0733,0.0066,4.9397,102.216,20.35,639.229,0.1445
2016-10-18 13:00:00,0.6016,0.4531,1.0082,0.0062,5.04,102.179,21.36,613.516,0.1473
2016-10-18 14:00:00,0.5413,0.3977,0.9879,0.006,4.8062,102.136,21.48,514.992,0.1297
2016-10-18 15:00:00,0.4501,0.3134,0.9677,0.0059,4.5837,102.092,21.59,368.888,0.1028
2016-10-18 16:00:00,0.335,0.2066,0.9476,0.0058,4.369,102.049,21.7,187.908,0.0689
2016-10-18 17:00:00,0.093,0.0703,0.9904,0.0061,4.0608,102.026,19.64,45.908,0.0255
2016-10-19 05:00:00,-0.0077,-0.0074,0.9548,0.0058,2.5127,102.148,7.96,0.0,0.0004
2016-10-19 06:00:00,-0.0095,-0.0087,0.9461,0.0058,2.2404,102.162,7.78,0.0,0.0
2016-10-19 07:00:00,0.0239,0.0168,0.9373,0.0057,1.9736,102.175,7.6,111.879,0.0079
2016-10-19 08:00:00,0.1455,0.1167,0.9578,0.0059,2.4778,102.194,10.89,277.211,0.039
2016-10-19 09:00:00,0.3,0.2432,0.9783,0.006,3.0017,102.213,14.17,437.329,0.0782
2016-10-19 10:00:00,0.44,0.3514,0.9989,0.0061,3.5282,102.232,17.45,563.297,0.1118
2016-10-19 11:00:00,0.5265,0.4201,0.9708,0.0059,3.5419,102.182,19.26,641.931,0.1332
2016-10-19 12:00:00,0.5891,0.4651,0.9428,0.0058,3.6273,102.131,21.07,672.15,0.1471
2016-10-19 13:00:00,0.616,0.4746,0.9148,0.0056,3.7927,102.08,22.88,634.961,0.1501
2016-10-19 14:00:00,0.5595,0.418,0.8991,0.0055,3.7947,102.034,23.26,532.32,0.1325
2016-10-19 15:00:00,0.4692,0.3297,0.8834,0.0054,3.7901,101.988,23.65,380.28,0.1051
2016-10-19 16:00:00,0.3458,0.21,0.8677,0.0053,3.7989,101.942,24.04,179.652,0.0679
2016-10-19 17:00:00,0.1065,0.0773,0.8892,0.0054,3.4051,101.908,21.74,41.434,0.0267
2016-10-20 05:00:00,-0.0312,-0.0218,0.8784,0.0054,0.3981,101.968,10.51,0.0,0.0
2016-10-20 06:00:00,-0.0289,-0.0206,0.8797,0.0054,0.461,101.989,9.93,0.0,0.0004
2016-10-20 07:00:00,0.018,0.0123,0.8811,0.0054,0.5408,102.01,9.36,108.176,0.0116
2016-10-20 08:00:00,0.1215,0.1082,0.9225,0.0056,0.4123,102.004,12.67,272.533,0.0443
2016-10-20 09:00:00,0.254,0.2313,0.9639,0.0059,0.3569,101.997,15.97,431.529,0.0862
2016-10-20 10:00:00,0.3594,0.3275,1.0053,0.0062,0.389,101.991,19.28,561.571,0.1189
2016-10-20 11:00:00,0.428,0.389,0.9998,0.0061,0.4391,101.98,21.3,640.275,0.1398
2016-10-20 12:00:00,0.4662,0.4213,0.9943,0.0061,0.5045,101.967,23.32,670.385,0.1508
2016-10-20 13:00:00,0.4581,0.4094,0.9889,0.0061,0.58,101.956,25.34,633.952,0.1467
2016-10-20 14:00:00,0.4128,0.3521,1.001,0.0061,1.0077,101.836,25.79,530.816,0.1273
2016-10-20 15:00:00,0.332,0.2615,1.0132,0.0062,1.4384,101.715,26.24,378.192,0.0964
2016-10-20 16:00:00,0.2152,0.1368,1.0253,0.0063,1.872,101.595,26.69,173.568,0.054
2016-10-20 17:00:00,0.0743,0.0476,1.0324,0.0063,1.854,101.586,24.93,37.602,0.0236
2016-10-21 05:00:00,-0.0247,-0.0183,1.0255,0.0063,0.6297,101.412,12.14,0.0,0.001
2016-10-21 06:00:00,-0.0303,-0.0214,1.0234,0.0063,0.4653,101.411,11.59,0.0,0.0
2016-10-21 07:00:00,0.0139,0.0101,1.0212,0.0063,0.3601,101.409,11.04,105.68,0.01
2016-10-21 08:00:00,0.1277,0.1134,1.0833,0.0067,0.5029,101.38,14.14,270.939,0.0426
2016-10-21 09:00:00,0.2696,0.2414,1.1453,0.0071,0.6619,101.35,17.24,430.634,0.0831
2016-10-21 10:00:00,0.3818,0.3397,1.2072,0.0074,0.8406,101.321,20.34,556.683,0.1142
2016-10-21 11:00:00,0.4545,0.4032,1.2216,0.0075,0.9236,101.314,22.22,635.034,0.1343
2016-10-21 12:00:00,0.4989,0.4385,1.236,0.0076,1.0555,101.308,24.1,664.879,0.1454
2016-10-21 13:00:00,0.4926,0.4249,1.2504,0.0077,1.2007,101.301,25.98,619.927,0.1411
2016-10-21 14:00:00,0.4678,0.3784,1.252,0.0077,1.9981,101.204,26.23,518.432,0.1264
2016-10-21 15:00:00,0.4119,0.3029,1.2537,0.0077,2.8086,101.107,26.49,368.376,0.1026
2016-10-21 16:00:00,0.3228,0.1966,1.2553,0.0078,3.6234,101.01,26.74,164.176,0.0689
2016-10-21 17:00:00,0.1038,0.0745,1.2683,0.0079,3.4996,100.976,24.2,33.222,0.0303
2016-10-22 05:00:00,-0.0129,-0.0111,1.2067,0.0075,1.4166,101.143,12.67,0.0,0.0002
2016-10-22 06:00:00,-0.0137,-0.0117,1.1995,0.0074,1.4136,101.101,12.37,0.0,0.0
2016-10-22 07:00:00,0.0217,0.0128,1.1923,0.0074,1.42,101.06,12.06,93.984,0.0082
2016-10-22 08:00:00,0.1344,0.1102,1.2019,0.0074,1.5088,101.094,14.81,245.416,0.0408
2016-10-22 09:00:00,0.2763,0.2344,1.2116,0.0075,1.5942,101.128,17.55,391.557,0.0824
2016-10-22 10:00:00,0.3747,0.3171,1.2213,0.0075,1.6737,101.163,20.3,489.32,0.1101
2016-10-22 11:00:00,0.4563,0.3792,1.1864,0.0073,2.1127,101.111,21.69,558.477,0.1309
2016-10-22 12:00:00,0.5151,0.4173,1.1517,0.0071,2.5856,101.06,23.08,584.713,0.1437
2016-10-22 13:00:00,0.5452,0.4256,1.1169,0.0069,3.0901,101.008,24.48,559.679,0.1465
2016-10-22 14:00:00,0.4998,0.3736,1.0837,0.0067,3.3715,100.982,24.63,467.472,0.1291
2016-10-22 15:00:00,0.4296,0.2979,1.0506,0.0065,3.6572,100.956,24.79,331.272,0.1037
2016-10-22 16:00:00,0.3478,0.2109,1.0174,0.0063,3.9465,100.931,24.95,173.376,0.0745
2016-10-22 17:00:00,0.1059,0.0777,1.0097,0.0062,3.7316,100.9,22.16,32.552,0.0299
2016-10-23 05:00:00,-0.0121,-0.0105,0.9917,0.0061,1.194,101.235,10.99,0.0,0.0014
2016-10-23 06:00:00,-0.0173,-0.0138,0.9769,0.006,0.9476,101.192,10.67,0.0,0.0
2016-10-23 07:00:00,0.0096,0.006,0.9622,0.0059,0.8078,101.149,10.36,87.392,0.0085
2016-10-23 08:00:00,0.1053,0.0902,0.9843,0.0061,0.6413,101.235,13.33,232.632,0.0445
2016-10-23 09:00:00,0.2299,0.2064,1.0065,0.0062,0.4909,101.321,16.29,372.657,0.0942
2016-10-23 10:00:00,0.2682,0.243,1.0286,0.0063,0.3551,101.408,19.26,400.815,0.1099
2016-10-23 11:00:00,0.3324,0.2935,1.0106,0.0062,0.6825,101.349,20.84,457.731,0.1315
2016-10-23 12:00:00,0.3797,0.3245,0.9926,0.0061,1.0837,101.291,22.41,479.241,0.1447
2016-10-23 13:00:00,0.403,0.3311,0.9746,0.006,1.492,101.232,23.98,462.25,0.1476
2016-10-23 14:00:00,0.3632,0.2861,0.9726,0.006,1.7085,101.156,24.45,385.632,0.1283
2016-10-23 15:00:00,0.2966,0.2152,0.9706,0.006,1.9379,101.08,24.91,272.536,0.098
2016-10-23 16:00:00,0.2226,0.1373,0.9686,0.006,2.1621,101.004,25.37,162.036,0.0647
2016-10-23 17:00:00,0.0744,0.049,0.9855,0.0061,2.1564,100.976,23.16,28.009,0.0269
2016-10-24 05:00:00,-0.006,-0.0061,1.5772,0.0097,3.8158,101.327,14.91,0.0,0.0
2016-10-24 06:00:00,-0.0058,-0.006,1.5485,0.0096,4.031,101.297,14.56,0.0,0.0
2016-10-24 07:00:00,0.0248,0.0151,1.5197,0.0094,4.2385,101.268,14.22,89.392,0.0066
2016-10-24 08:00:00,0.1644,0.1246,1.52,0.0094,4.5878,101.309,16.69,242.834,0.0405
2016-10-24 09:00:00,0.3307,0.257,1.5202,0.0094,4.9518,101.35,19.16,390.583,0.0814
2016-10-24 10:00:00,0.4578,0.3497,1.5204,0.0094,5.3339,101.391,21.64,473.187,0.1101
2016-10-24 11:00:00,0.5508,0.4164,1.4534,0.009,5.7466,101.338,22.73,540.692,0.1307
2016-10-24 12:00:00,0.6242,0.4623,1.3866,0.0086,6.2268,101.285,23.82,566.102,0.1449
2016-10-24 13:00:00,0.6519,0.4625,1.3197,0.0081,6.7628,101.232,24.92,494.538,0.145
2016-10-24 14:00:00,0.597,0.4115,1.3148,0.0081,6.7601,101.187,24.8,412.064,0.1292
2016-10-24 15:00:00,0.5191,0.338,1.3098,0.0081,6.79,101.142,24.69,290.432,0.1065
2016-10-24 16:00:00,0.4185,0.2429,1.3048,0.0081,6.8317,101.096,24.57,130.368,0.0771
2016-10-24 17:00:00,0.1085,0.0842,1.3239,0.0082,5.4923,101.161,22.7,20.552,0.0279
2016-10-25 05:00:00,-0.025,-0.0185,1.5984,0.0098,0.8415,101.597,16.45,0.0,0.0
2016-10-25 06:00:00,-0.013,-0.0112,1.5927,0.0098,1.6476,101.639,16.19,0.0,0.0062
2016-10-25 07:00:00,0.0018,0.0,1.587,0.0098,2.642,101.682,15.92,26.432,0.0157
2016-10-25 08:00:00,0.021,0.0153,1.5901,0.0098,2.8378,101.71,16.75,73.345,0.0287
2016-10-25 09:00:00,0.1304,0.0991,1.5932,0.0098,3.0859,101.738,17.58,118.467,0.0996
2016-10-25 10:00:00,0.1474,0.1076,1.5963,0.0098,3.3892,101.767,18.41,113.119,0.1068
2016-10-25 11:00:00,0.1756,0.1273,1.6147,0.0099,3.7047,101.752,19.18,129.328,0.1235
2016-10-25 12:00:00,0.1999,0.1425,1.633,0.01,4.0521,101.739,19.94,135.423,0.1363
2016-10-25 13:00:00,0.2293,0.1617,1.6514,0.0102,4.4096,101.725,20.71,146.442,0.1526
2016-10-25 14:00:00,0.191,0.135,1.6777,0.0103,3.8331,101.74,20.45,121.872,0.13
2016-10-25 15:00:00,0.1468,0.102,1.704,0.0105,3.2593,101.755,20.2,85.664,0.102
2016-10-25 16:00:00,0.1092,0.0745,1.7303,0.0106,2.707,101.77,19.94,138.328,0.0787
2016-10-25 17:00:00,0.0097,0.005,1.7004,0.0105,1.9558,101.681,19.24,19.662,0.0199
2016-10-26 05:00:00,-0.0301,-0.0215,1.3768,0.0085,0.6712,101.584,13.07,0.0,0.0009
2016-10-26 06:00:00,-0.0357,-0.0243,1.3407,0.0083,0.3912,101.587,12.62,0.0,0.0
2016-10-26 07:00:00,0.0036,0.0022,1.3048,0.008,0.7574,101.591,12.17,85.632,0.009
2016-10-26 08:00:00,0.1165,0.1023,1.3686,0.0084,0.8709,101.656,15.19,243.014,0.0429
2016-10-26 09:00:00,0.2573,0.2281,1.4325,0.0088,1.0164,101.722,18.22,394.238,0.0855
2016-10-26 10:00:00,0.3648,0.321,1.4964,0.0092,1.18,101.788,21.24,509.029,0.1169
2016-10-26 11:00:00,0.4468,0.3857,1.4405,0.0089,1.5306,101.701,22.89,582.368,0.1389
2016-10-26 12:00:00,0.5021,0.423,1.3847,0.0085,1.8968,101.615,24.53,609.793,0.1515
2016-10-26 13:00:00,0.5143,0.4174,1.3289,0.0082,2.2711,101.529,26.17,566.458,0.1496
2016-10-26 14:00:00,0.4519,0.3558,1.3266,0.0082,2.3336,101.485,26.45,470.864,0.1287
2016-10-26 15:00:00,0.3572,0.2633,1.3242,0.0082,2.4141,101.44,26.73,330.104,0.0974
2016-10-26 16:00:00,0.2393,0.1485,1.3219,0.0081,2.5088,101.396,27.01,156.612,0.0585
2016-10-26 17:00:00,0.0561,0.0354,1.3043,0.008,1.8993,101.356,24.34,19.785,0.0202
2016-10-27 05:00:00,-0.0282,-0.0203,1.5118,0.0093,0.6573,101.367,15.98,0.0,0.0
2016-10-27 06:00:00,-0.0267,-0.0195,1.4989,0.0092,0.712,101.378,15.95,0.0,0.001
2016-10-27 07:00:00,-0.014,-0.0109,1.486,0.0092,0.8548,101.39,15.92,22.32,0.0111
2016-10-27 08:00:00,-0.0007,-0.0011,1.4357,0.0088,0.65,101.505,15.09,64.874,0.0225
2016-10-27 09:00:00,0.0796,0.0679,1.3852,0.0085,1.2363,101.622,14.27,105.706,0.1037
2016-10-27 10:00:00,0.0916,0.0769,1.3346,0.0082,2.0038,101.738,13.44,122.968,0.1142
2016-10-27 11:00:00,0.104,0.0876,1.4111,0.0087,2.4039,101.67,14.13,140.767,0.1267
2016-10-27 12:00:00,0.1102,0.0923,1.4875,0.0092,2.8436,101.602,14.82,147.414,0.1323
2016-10-27 13:00:00,0.1521,0.1307,1.5636,0.0096,3.3048,101.533,15.51,231.12,0.1774
2016-10-27 14:00:00,0.1301,0.11,1.5648,0.0096,3.2041,101.502,15.57,191.888,0.153
2016-10-27 15:00:00,0.0969,0.0785,1.566,0.0097,3.1139,101.471,15.63,134.168,0.1161
2016-10-27 16:00:00,0.0072,0.0046,1.5672,0.0097,3.0336,101.439,15.69,42.344,0.0293
2016-10-27 17:00:00,-0.0106,-0.0094,1.5846,0.0098,2.0648,101.361,15.54,4.668,0.0128
2016-10-28 05:00:00,-0.0248,-0.0188,1.8132,0.0112,1.3408,100.991,16.52,0.0,0.0
2016-10-28 06:00:00,-0.0234,-0.018,1.7912,0.0111,1.4073,101.003,16.47,0.0,0.0005
2016-10-28 07:00:00,-0.0059,-0.0049,1.7693,0.011,1.4738,101.016,16.42,46.992,0.0094
2016-10-28 08:00:00,0.0504,0.0429,1.7894,0.0111,1.5608,101.05,16.95,140.052,0.0416
2016-10-28 09:00:00,0.1489,0.1333,1.8095,0.0112,1.8224,101.084,17.49,229.259,0.1026
2016-10-28 10:00:00,0.1931,0.1719,1.8297,0.0113,2.2006,101.117,18.02,292.028,0.1286
2016-10-28 11:00:00,0.2276,0.2047,1.7903,0.0111,1.3418,101.141,18.6,334.534,0.1507
2016-10-28 12:00:00,0.2408,0.2177,1.7509,0.0108,0.9124,101.164,19.18,350.348,0.1595
2016-10-28 13:00:00,0.2361,0.2064,1.7115,0.0106,1.3923,101.188,19.76,323.488,0.1519
2016-10-28 14:00:00,0.199,0.1698,1.7008,0.0105,1.6362,101.227,19.52,268.272,0.1272
2016-10-28 15:00:00,0.1448,0.117,1.6902,0.0104,1.8886,101.266,19.28,187.072,0.0916
2016-10-28 16:00:00,0.0311,0.0218,1.6796,0.0104,2.149,101.305,19.04,79.336,0.0274
2016-10-28 17:00:00,-0.0051,-0.0056,1.6811,0.0104,1.5182,101.301,18.4,7.445,0.0089
2016-10-29 05:00:00,-0.0231,-0.0179,1.4726,0.0091,1.4401,101.234,13.29,0.0,0.0003
2016-10-29 06:00:00,-0.0242,-0.0186,1.511,0.0093,1.3503,101.234,13.64,0.0,0.0
2016-10-29 07:00:00,-0.0115,-0.0089,1.5492,0.0096,1.3005,101.234,14.0,40.384,0.0049
2016-10-29 08:00:00,0.0365,0.03,1.6068,0.0099,1.3525,101.297,15.4,123.569,0.0247
2016-10-29 09:00:00,0.1379,0.1221,1.6643,0.0103,1.4763,101.359,16.79,203.238,0.0713
2016-10-29 10:00:00,0.231,0.2054,1.722,0.0106,1.6476,101.422,18.19,345.104,0.1136
2016-10-29 11:00:00,0.2834,0.2487,1.7113,0.0106,1.6697,101.385,19.66,395.62,0.1355
2016-10-29 12:00:00,0.3153,0.2725,1.7008,0.0105,1.7018,101.35,21.12,414.361,0.1476
2016-10-29 13:00:00,0.3671,0.315,1.6902,0.0104,1.7288,101.314,22.59,479.776,0.1692
2016-10-29 14:00:00,0.3244,0.2666,1.6558,0.0102,2.1273,101.329,22.83,397.424,0.1446
2016-10-29 15:00:00,0.2565,0.1937,1.6215,0.01,2.5316,101.344,23.07,276.4,0.1076
2016-10-29 16:00:00,0.1603,0.0935,1.5871,0.0098,2.9431,101.36,23.31,105.24,0.0568
2016-10-29 17:00:00,0.0422,0.0283,1.601,0.0099,2.7601,101.302,21.8,8.122,0.0238
2016-10-30 05:00:00,-0.0255,-0.0191,1.4939,0.0093,1.0096,100.989,14.17,0.0,0.0
2016-10-30 06:00:00,-0.0221,-0.0172,1.4521,0.009,1.365,100.938,13.46,0.0,0.0009
2016-10-30 07:00:00,-0.005,-0.0044,1.4104,0.0087,2.1327,100.887,12.74,48.016,0.0071
2016-10-30 08:00:00,0.0939,0.0656,1.4185,0.0088,4.0704,100.962,15.09,151.118,0.0413
2016-10-30 09:00:00,0.2559,0.1871,1.4266,0.0088,6.0776,101.037,17.43,249.766,0.1004
2016-10-30 10:00:00,0.3631,0.2467,1.4347,0.0089,8.1142,101.112,19.78,231.507,0.1295
2016-10-30 11:00:00,0.3641,0.2537,1.4208,0.0088,7.5551,101.096,19.54,265.581,0.1329
2016-10-30 12:00:00,0.3576,0.2521,1.4068,0.0087,7.1984,101.079,19.29,278.21,0.1321
2016-10-30 13:00:00,0.3849,0.2805,1.3929,0.0086,7.06,101.063,19.05,374.432,0.1459
2016-10-30 14:00:00,0.3534,0.2505,1.3582,0.0084,6.4989,101.14,19.17,309.824,0.1313
2016-10-30 15:00:00,0.3004,0.2009,1.3234,0.0082,5.949,101.216,19.29,214.904,0.1071
2016-10-30 16:00:00,0.0875,0.0701,1.2886,0.008,5.4249,101.292,19.4,92.316,0.0434
2016-10-30 17:00:00,0.0509,0.0384,1.3073,0.0081,4.5239,101.346,18.21,5.561,0.028
2016-10-31 05:00:00,-0.0378,-0.0252,1.1931,0.0073,0.2702,101.77,11.2,0.0,0.0
2016-10-31 06:00:00,-0.0352,-0.0239,1.1718,0.0072,0.3662,101.8,10.63,0.0,0.0006
2016-10-31 07:00:00,-0.0052,-0.0038,1.1506,0.0071,0.4632,101.83,10.06,70.736,0.0096
2016-10-31 08:00:00,0.0904,0.083,1.2177,0.0075,0.3311,101.88,12.3,229.328,0.0485
2016-10-31 09:00:00,0.211,0.1961,1.2847,0.0079,0.2022,101.931,14.55,380.926,0.0992
2016-10-31 10:00:00,0.2823,0.263,1.3518,0.0083,0.136,101.982,16.8,472.336,0.1292
2016-10-31 11:00:00,0.342,0.3113,1.3057,0.008,0.6407,101.86,17.77,542.28,0.1509
2016-10-31 12:00:00,0.3804,0.3354,1.2596,0.0077,1.2496,101.738,18.74,568.126,0.1617
2016-10-31 13:00:00,0.3255,0.2692,1.2137,0.0075,1.8627,101.616,19.71,410.336,0.132
2016-10-31 14:00:00,0.2841,0.2259,1.2063,0.0074,2.1338,101.514,19.54,339.168,0.1126
2016-10-31 15:00:00,0.2222,0.1629,1.1988,0.0074,2.4481,101.412,19.37,234.64,0.0843
2016-10-31 16:00:00,0.1449,0.085,1.1914,0.0073,2.7987,101.31,19.19,114.372,0.0494
2016-10-31 17:00:00,0.0353,0.0239,1.1811,0.0073,2.7281,101.27,17.58,4.923,0.022
